2025-03-04 21:58:40,629 - INFO - 开始处理nginx日志...
2025-03-04 21:58:40,629 - INFO - 开始执行 ngix_log.py
2025-03-04 21:59:25,191 - INFO - ngix_log.py 执行成功
2025-03-04 21:59:30,198 - ERROR - 执行过程中出错: 未找到生成的Excel文件: 03_04_21_result.xlsx
2025-03-04 22:04:27,252 - INFO - 开始处理nginx日志...
2025-03-04 22:04:27,252 - INFO - 开始执行 ngix_log.py
2025-03-04 22:04:56,085 - INFO - ngix_log.py 执行成功
2025-03-04 22:04:56,086 - INFO - 输出: 正在从 http://examine.baixing.com/logs/baixing_seo.tar.gz 下载文件...

下载进度: [                                                  ] 8192/12401968 字节
下载进度: [                                                  ] 16384/12401968 字节
下载进度: [                                                  ] 24576/12401968 字节
下载进度: [                                                  ] 32768/12401968 字节
下载进度: [                                                  ] 40960/12401968 字节
下载进度: [                                                  ] 49152/12401968 字节
下载进度: [                                                  ] 57344/12401968 字节
下载进度: [                                                  ] 65536/12401968 字节
下载进度: [                                                  ] 73728/12401968 字节
下载进度: [                                                  ] 81920/12401968 字节
下载进度: [                                                  ] 90112/12401968 字节
下载进度: [                                                  ] 98304/12401968 字节
下载进度: [                                                  ] 106496/12401968 字节
下载进度: [                                                  ] 114688/12401968 字节
下载进度: [                                                  ] 122880/12401968 字节
下载进度: [                                                  ] 131072/12401968 字节
下载进度: [                                                  ] 139264/12401968 字节
下载进度: [                                                  ] 147456/12401968 字节
下载进度: [                                                  ] 155648/12401968 字节
下载进度: [                                                  ] 163840/12401968 字节
下载进度: [                                                  ] 172032/12401968 字节
下载进度: [                                                  ] 180224/12401968 字节
下载进度: [                                                  ] 188416/12401968 字节
下载进度: [                                                  ] 196608/12401968 字节
下载进度: [                                                  ] 204800/12401968 字节
下载进度: [                                                  ] 212992/12401968 字节
下载进度: [                                                  ] 221184/12401968 字节
下载进度: [                                                  ] 229376/12401968 字节
下载进度: [                                                  ] 237568/12401968 字节
下载进度: [                                                  ] 245760/12401968 字节
下载进度: [=                                                 ] 253952/12401968 字节
下载进度: [=                                                 ] 262144/12401968 字节
下载进度: [=                                                 ] 270336/12401968 字节
下载进度: [=                                                 ] 278528/12401968 字节
下载进度: [=                                                 ] 286720/12401968 字节
下载进度: [=                                                 ] 294912/12401968 字节
下载进度: [=                                                 ] 303104/12401968 字节
下载进度: [=                                                 ] 311296/12401968 字节
下载进度: [=                                                 ] 319488/12401968 字节
下载进度: [=                                                 ] 327680/12401968 字节
下载进度: [=                                                 ] 335872/12401968 字节
下载进度: [=                                                 ] 344064/12401968 字节
下载进度: [=                                                 ] 352256/12401968 字节
下载进度: [=                                                 ] 360448/12401968 字节
下载进度: [=                                                 ] 368640/12401968 字节
下载进度: [=                                                 ] 376832/12401968 字节
下载进度: [=                                                 ] 385024/12401968 字节
下载进度: [=                                                 ] 393216/12401968 字节
下载进度: [=                                                 ] 401408/12401968 字节
下载进度: [=                                                 ] 409600/12401968 字节
下载进度: [=                                                 ] 417792/12401968 字节
下载进度: [=                                                 ] 425984/12401968 字节
下载进度: [=                                                 ] 434176/12401968 字节
下载进度: [=                                                 ] 442368/12401968 字节
下载进度: [=                                                 ] 450560/12401968 字节
下载进度: [=                                                 ] 458752/12401968 字节
下载进度: [=                                                 ] 466944/12401968 字节
下载进度: [=                                                 ] 475136/12401968 字节
下载进度: [=                                                 ] 483328/12401968 字节
下载进度: [=                                                 ] 491520/12401968 字节
下载进度: [==                                                ] 499712/12401968 字节
下载进度: [==                                                ] 507904/12401968 字节
下载进度: [==                                                ] 516096/12401968 字节
下载进度: [==                                                ] 524288/12401968 字节
下载进度: [==                                                ] 532480/12401968 字节
下载进度: [==                                                ] 540672/12401968 字节
下载进度: [==                                                ] 548864/12401968 字节
下载进度: [==                                                ] 557056/12401968 字节
下载进度: [==                                                ] 565248/12401968 字节
下载进度: [==                                                ] 573440/12401968 字节
下载进度: [==                                                ] 581632/12401968 字节
下载进度: [==                                                ] 589824/12401968 字节
下载进度: [==                                                ] 598016/12401968 字节
下载进度: [==                                                ] 606208/12401968 字节
下载进度: [==                                                ] 614400/12401968 字节
下载进度: [==                                                ] 622592/12401968 字节
下载进度: [==                                                ] 630784/12401968 字节
下载进度: [==                                                ] 638976/12401968 字节
下载进度: [==                                                ] 647168/12401968 字节
下载进度: [==                                                ] 655360/12401968 字节
下载进度: [==                                                ] 663552/12401968 字节
下载进度: [==                                                ] 671744/12401968 字节
下载进度: [==                                                ] 679936/12401968 字节
下载进度: [==                                                ] 688128/12401968 字节
下载进度: [==                                                ] 696320/12401968 字节
下载进度: [==                                                ] 704512/12401968 字节
下载进度: [==                                                ] 712704/12401968 字节
下载进度: [==                                                ] 720896/12401968 字节
下载进度: [==                                                ] 729088/12401968 字节
下载进度: [==                                                ] 737280/12401968 字节
下载进度: [===                                               ] 745472/12401968 字节
下载进度: [===                                               ] 753664/12401968 字节
下载进度: [===                                               ] 761856/12401968 字节
下载进度: [===                                               ] 770048/12401968 字节
下载进度: [===                                               ] 778240/12401968 字节
下载进度: [===                                               ] 786432/12401968 字节
下载进度: [===                                               ] 794624/12401968 字节
下载进度: [===                                               ] 802816/12401968 字节
下载进度: [===                                               ] 811008/12401968 字节
下载进度: [===                                               ] 819200/12401968 字节
下载进度: [===                                               ] 827392/12401968 字节
下载进度: [===                                               ] 835584/12401968 字节
下载进度: [===                                               ] 843776/12401968 字节
下载进度: [===                                               ] 851968/12401968 字节
下载进度: [===                                               ] 860160/12401968 字节
下载进度: [===                                               ] 868352/12401968 字节
下载进度: [===                                               ] 876544/12401968 字节
下载进度: [===                                               ] 884736/12401968 字节
下载进度: [===                                               ] 892928/12401968 字节
下载进度: [===                                               ] 901120/12401968 字节
下载进度: [===                                               ] 909312/12401968 字节
下载进度: [===                                               ] 917504/12401968 字节
下载进度: [===                                               ] 925696/12401968 字节
下载进度: [===                                               ] 933888/12401968 字节
下载进度: [===                                               ] 942080/12401968 字节
下载进度: [===                                               ] 950272/12401968 字节
下载进度: [===                                               ] 958464/12401968 字节
下载进度: [===                                               ] 966656/12401968 字节
下载进度: [===                                               ] 974848/12401968 字节
下载进度: [===                                               ] 983040/12401968 字节
下载进度: [===                                               ] 991232/12401968 字节
下载进度: [====                                              ] 999424/12401968 字节
下载进度: [====                                              ] 1007616/12401968 字节
下载进度: [====                                              ] 1015808/12401968 字节
下载进度: [====                                              ] 1024000/12401968 字节
下载进度: [====                                              ] 1032192/12401968 字节
下载进度: [====                                              ] 1040384/12401968 字节
下载进度: [====                                              ] 1048576/12401968 字节
下载进度: [====                                              ] 1056768/12401968 字节
下载进度: [====                                              ] 1064960/12401968 字节
下载进度: [====                                              ] 1073152/12401968 字节
下载进度: [====                                              ] 1081344/12401968 字节
下载进度: [====                                              ] 1089536/12401968 字节
下载进度: [====                                              ] 1097728/12401968 字节
下载进度: [====                                              ] 1105920/12401968 字节
下载进度: [====                                              ] 1114112/12401968 字节
下载进度: [====                                              ] 1122304/12401968 字节
下载进度: [====                                              ] 1130496/12401968 字节
下载进度: [====                                              ] 1138688/12401968 字节
下载进度: [====                                              ] 1146880/12401968 字节
下载进度: [====                                              ] 1155072/12401968 字节
下载进度: [====                                              ] 1163264/12401968 字节
下载进度: [====                                              ] 1171456/12401968 字节
下载进度: [====                                              ] 1179648/12401968 字节
下载进度: [====                                              ] 1187840/12401968 字节
下载进度: [====                                              ] 1196032/12401968 字节
下载进度: [====                                              ] 1204224/12401968 字节
下载进度: [====                                              ] 1212416/12401968 字节
下载进度: [====                                              ] 1220608/12401968 字节
下载进度: [====                                              ] 1228800/12401968 字节
下载进度: [====                                              ] 1236992/12401968 字节
下载进度: [=====                                             ] 1245184/12401968 字节
下载进度: [=====                                             ] 1253376/12401968 字节
下载进度: [=====                                             ] 1261568/12401968 字节
下载进度: [=====                                             ] 1269760/12401968 字节
下载进度: [=====                                             ] 1277952/12401968 字节
下载进度: [=====                                             ] 1286144/12401968 字节
下载进度: [=====                                             ] 1294336/12401968 字节
下载进度: [=====                                             ] 1302528/12401968 字节
下载进度: [=====                                             ] 1310720/12401968 字节
下载进度: [=====                                             ] 1318912/12401968 字节
下载进度: [=====                                             ] 1327104/12401968 字节
下载进度: [=====                                             ] 1335296/12401968 字节
下载进度: [=====                                             ] 1343488/12401968 字节
下载进度: [=====                                             ] 1351680/12401968 字节
下载进度: [=====                                             ] 1359872/12401968 字节
下载进度: [=====                                             ] 1368064/12401968 字节
下载进度: [=====                                             ] 1376256/12401968 字节
下载进度: [=====                                             ] 1384448/12401968 字节
下载进度: [=====                                             ] 1392640/12401968 字节
下载进度: [=====                                             ] 1400832/12401968 字节
下载进度: [=====                                             ] 1409024/12401968 字节
下载进度: [=====                                             ] 1417216/12401968 字节
下载进度: [=====                                             ] 1425408/12401968 字节
下载进度: [=====                                             ] 1433600/12401968 字节
下载进度: [=====                                             ] 1441792/12401968 字节
下载进度: [=====                                             ] 1449984/12401968 字节
下载进度: [=====                                             ] 1458176/12401968 字节
下载进度: [=====                                             ] 1466368/12401968 字节
下载进度: [=====                                             ] 1474560/12401968 字节
下载进度: [=====                                             ] 1482752/12401968 字节
下载进度: [======                                            ] 1490944/12401968 字节
下载进度: [======                                            ] 1499136/12401968 字节
下载进度: [======                                            ] 1507328/12401968 字节
下载进度: [======                                            ] 1515520/12401968 字节
下载进度: [======                                            ] 1523712/12401968 字节
下载进度: [======                                            ] 1531904/12401968 字节
下载进度: [======                                            ] 1540096/12401968 字节
下载进度: [======                                            ] 1548288/12401968 字节
下载进度: [======                                            ] 1556480/12401968 字节
下载进度: [======                                            ] 1564672/12401968 字节
下载进度: [======                                            ] 1572864/12401968 字节
下载进度: [======                                            ] 1581056/12401968 字节
下载进度: [======                                            ] 1589248/12401968 字节
下载进度: [======                                            ] 1597440/12401968 字节
下载进度: [======                                            ] 1605632/12401968 字节
下载进度: [======                                            ] 1613824/12401968 字节
下载进度: [======                                            ] 1622016/12401968 字节
下载进度: [======                                            ] 1630208/12401968 字节
下载进度: [======                                            ] 1638400/12401968 字节
下载进度: [======                                            ] 1646592/12401968 字节
下载进度: [======                                            ] 1654784/12401968 字节
下载进度: [======                                            ] 1662976/12401968 字节
下载进度: [======                                            ] 1671168/12401968 字节
下载进度: [======                                            ] 1679360/12401968 字节
下载进度: [======                                            ] 1687552/12401968 字节
下载进度: [======                                            ] 1695744/12401968 字节
下载进度: [======                                            ] 1703936/12401968 字节
下载进度: [======                                            ] 1712128/12401968 字节
下载进度: [======                                            ] 1720320/12401968 字节
下载进度: [======                                            ] 1728512/12401968 字节
下载进度: [=======                                           ] 1736704/12401968 字节
下载进度: [=======                                           ] 1744896/12401968 字节
下载进度: [=======                                           ] 1753088/12401968 字节
下载进度: [=======                                           ] 1761280/12401968 字节
下载进度: [=======                                           ] 1769472/12401968 字节
下载进度: [=======                                           ] 1777664/12401968 字节
下载进度: [=======                                           ] 1785856/12401968 字节
下载进度: [=======                                           ] 1794048/12401968 字节
下载进度: [=======                                           ] 1802240/12401968 字节
下载进度: [=======                                           ] 1810432/12401968 字节
下载进度: [=======                                           ] 1818624/12401968 字节
下载进度: [=======                                           ] 1826816/12401968 字节
下载进度: [=======                                           ] 1835008/12401968 字节
下载进度: [=======                                           ] 1843200/12401968 字节
下载进度: [=======                                           ] 1851392/12401968 字节
下载进度: [=======                                           ] 1859584/12401968 字节
下载进度: [=======                                           ] 1867776/12401968 字节
下载进度: [=======                                           ] 1875968/12401968 字节
下载进度: [=======                                           ] 1884160/12401968 字节
下载进度: [=======                                           ] 1892352/12401968 字节
下载进度: [=======                                           ] 1900544/12401968 字节
下载进度: [=======                                           ] 1908736/12401968 字节
下载进度: [=======                                           ] 1916928/12401968 字节
下载进度: [=======                                           ] 1925120/12401968 字节
下载进度: [=======                                           ] 1933312/12401968 字节
下载进度: [=======                                           ] 1941504/12401968 字节
下载进度: [=======                                           ] 1949696/12401968 字节
下载进度: [=======                                           ] 1957888/12401968 字节
下载进度: [=======                                           ] 1966080/12401968 字节
下载进度: [=======                                           ] 1974272/12401968 字节
下载进度: [=======                                           ] 1982464/12401968 字节
下载进度: [========                                          ] 1990656/12401968 字节
下载进度: [========                                          ] 1998848/12401968 字节
下载进度: [========                                          ] 2007040/12401968 字节
下载进度: [========                                          ] 2015232/12401968 字节
下载进度: [========                                          ] 2023424/12401968 字节
下载进度: [========                                          ] 2031616/12401968 字节
下载进度: [========                                          ] 2039808/12401968 字节
下载进度: [========                                          ] 2048000/12401968 字节
下载进度: [========                                          ] 2056192/12401968 字节
下载进度: [========                                          ] 2064384/12401968 字节
下载进度: [========                                          ] 2072576/12401968 字节
下载进度: [========                                          ] 2080768/12401968 字节
下载进度: [========                                          ] 2088960/12401968 字节
下载进度: [========                                          ] 2097152/12401968 字节
下载进度: [========                                          ] 2105344/12401968 字节
下载进度: [========                                          ] 2113536/12401968 字节
下载进度: [========                                          ] 2121728/12401968 字节
下载进度: [========                                          ] 2129920/12401968 字节
下载进度: [========                                          ] 2138112/12401968 字节
下载进度: [========                                          ] 2146304/12401968 字节
下载进度: [========                                          ] 2154496/12401968 字节
下载进度: [========                                          ] 2162688/12401968 字节
下载进度: [========                                          ] 2170880/12401968 字节
下载进度: [========                                          ] 2179072/12401968 字节
下载进度: [========                                          ] 2187264/12401968 字节
下载进度: [========                                          ] 2195456/12401968 字节
下载进度: [========                                          ] 2203648/12401968 字节
下载进度: [========                                          ] 2211840/12401968 字节
下载进度: [========                                          ] 2220032/12401968 字节
下载进度: [========                                          ] 2228224/12401968 字节
下载进度: [=========                                         ] 2236416/12401968 字节
下载进度: [=========                                         ] 2244608/12401968 字节
下载进度: [=========                                         ] 2252800/12401968 字节
下载进度: [=========                                         ] 2260992/12401968 字节
下载进度: [=========                                         ] 2269184/12401968 字节
下载进度: [=========                                         ] 2277376/12401968 字节
下载进度: [=========                                         ] 2285568/12401968 字节
下载进度: [=========                                         ] 2293760/12401968 字节
下载进度: [=========                                         ] 2301952/12401968 字节
下载进度: [=========                                         ] 2310144/12401968 字节
下载进度: [=========                                         ] 2318336/12401968 字节
下载进度: [=========                                         ] 2326528/12401968 字节
下载进度: [=========                                         ] 2334720/12401968 字节
下载进度: [=========                                         ] 2342912/12401968 字节
下载进度: [=========                                         ] 2351104/12401968 字节
下载进度: [=========                                         ] 2359296/12401968 字节
下载进度: [=========                                         ] 2367488/12401968 字节
下载进度: [=========                                         ] 2375680/12401968 字节
下载进度: [=========                                         ] 2383872/12401968 字节
下载进度: [=========                                         ] 2392064/12401968 字节
下载进度: [=========                                         ] 2400256/12401968 字节
下载进度: [=========                                         ] 2408448/12401968 字节
下载进度: [=========                                         ] 2416640/12401968 字节
下载进度: [=========                                         ] 2424832/12401968 字节
下载进度: [=========                                         ] 2433024/12401968 字节
下载进度: [=========                                         ] 2441216/12401968 字节
下载进度: [=========                                         ] 2449408/12401968 字节
下载进度: [=========                                         ] 2457600/12401968 字节
下载进度: [=========                                         ] 2465792/12401968 字节
下载进度: [=========                                         ] 2473984/12401968 字节
下载进度: [==========                                        ] 2482176/12401968 字节
下载进度: [==========                                        ] 2490368/12401968 字节
下载进度: [==========                                        ] 2498560/12401968 字节
下载进度: [==========                                        ] 2506752/12401968 字节
下载进度: [==========                                        ] 2514944/12401968 字节
下载进度: [==========                                        ] 2523136/12401968 字节
下载进度: [==========                                        ] 2531328/12401968 字节
下载进度: [==========                                        ] 2539520/12401968 字节
下载进度: [==========                                        ] 2547712/12401968 字节
下载进度: [==========                                        ] 2555904/12401968 字节
下载进度: [==========                                        ] 2564096/12401968 字节
下载进度: [==========                                        ] 2572288/12401968 字节
下载进度: [==========                                        ] 2580480/12401968 字节
下载进度: [==========                                        ] 2588672/12401968 字节
下载进度: [==========                                        ] 2596864/12401968 字节
下载进度: [==========                                        ] 2605056/12401968 字节
下载进度: [==========                                        ] 2613248/12401968 字节
下载进度: [==========                                        ] 2621440/12401968 字节
下载进度: [==========                                        ] 2629632/12401968 字节
下载进度: [==========                                        ] 2637824/12401968 字节
下载进度: [==========                                        ] 2646016/12401968 字节
下载进度: [==========                                        ] 2654208/12401968 字节
下载进度: [==========                                        ] 2662400/12401968 字节
下载进度: [==========                                        ] 2670592/12401968 字节
下载进度: [==========                                        ] 2678784/12401968 字节
下载进度: [==========                                        ] 2686976/12401968 字节
下载进度: [==========                                        ] 2695168/12401968 字节
下载进度: [==========                                        ] 2703360/12401968 字节
下载进度: [==========                                        ] 2711552/12401968 字节
下载进度: [==========                                        ] 2719744/12401968 字节
下载进度: [==========                                        ] 2727936/12401968 字节
下载进度: [===========                                       ] 2736128/12401968 字节
下载进度: [===========                                       ] 2744320/12401968 字节
下载进度: [===========                                       ] 2752512/12401968 字节
下载进度: [===========                                       ] 2760704/12401968 字节
下载进度: [===========                                       ] 2768896/12401968 字节
下载进度: [===========                                       ] 2777088/12401968 字节
下载进度: [===========                                       ] 2785280/12401968 字节
下载进度: [===========                                       ] 2793472/12401968 字节
下载进度: [===========                                       ] 2801664/12401968 字节
下载进度: [===========                                       ] 2809856/12401968 字节
下载进度: [===========                                       ] 2818048/12401968 字节
下载进度: [===========                                       ] 2826240/12401968 字节
下载进度: [===========                                       ] 2834432/12401968 字节
下载进度: [===========                                       ] 2842624/12401968 字节
下载进度: [===========                                       ] 2850816/12401968 字节
下载进度: [===========                                       ] 2859008/12401968 字节
下载进度: [===========                                       ] 2867200/12401968 字节
下载进度: [===========                                       ] 2875392/12401968 字节
下载进度: [===========                                       ] 2883584/12401968 字节
下载进度: [===========                                       ] 2891776/12401968 字节
下载进度: [===========                                       ] 2899968/12401968 字节
下载进度: [===========                                       ] 2908160/12401968 字节
下载进度: [===========                                       ] 2916352/12401968 字节
下载进度: [===========                                       ] 2924544/12401968 字节
下载进度: [===========                                       ] 2932736/12401968 字节
下载进度: [===========                                       ] 2940928/12401968 字节
下载进度: [===========                                       ] 2949120/12401968 字节
下载进度: [===========                                       ] 2957312/12401968 字节
下载进度: [===========                                       ] 2965504/12401968 字节
下载进度: [===========                                       ] 2973696/12401968 字节
下载进度: [============                                      ] 2981888/12401968 字节
下载进度: [============                                      ] 2990080/12401968 字节
下载进度: [============                                      ] 2998272/12401968 字节
下载进度: [============                                      ] 3006464/12401968 字节
下载进度: [============                                      ] 3014656/12401968 字节
下载进度: [============                                      ] 3022848/12401968 字节
下载进度: [============                                      ] 3031040/12401968 字节
下载进度: [============                                      ] 3039232/12401968 字节
下载进度: [============                                      ] 3047424/12401968 字节
下载进度: [============                                      ] 3055616/12401968 字节
下载进度: [============                                      ] 3063808/12401968 字节
下载进度: [============                                      ] 3072000/12401968 字节
下载进度: [============                                      ] 3080192/12401968 字节
下载进度: [============                                      ] 3088384/12401968 字节
下载进度: [============                                      ] 3096576/12401968 字节
下载进度: [============                                      ] 3104768/12401968 字节
下载进度: [============                                      ] 3112960/12401968 字节
下载进度: [============                                      ] 3121152/12401968 字节
下载进度: [============                                      ] 3129344/12401968 字节
下载进度: [============                                      ] 3137536/12401968 字节
下载进度: [============                                      ] 3145728/12401968 字节
下载进度: [============                                      ] 3153920/12401968 字节
下载进度: [============                                      ] 3162112/12401968 字节
下载进度: [============                                      ] 3170304/12401968 字节
下载进度: [============                                      ] 3178496/12401968 字节
下载进度: [============                                      ] 3186688/12401968 字节
下载进度: [============                                      ] 3194880/12401968 字节
下载进度: [============                                      ] 3203072/12401968 字节
下载进度: [============                                      ] 3211264/12401968 字节
下载进度: [============                                      ] 3219456/12401968 字节
下载进度: [=============                                     ] 3227648/12401968 字节
下载进度: [=============                                     ] 3235840/12401968 字节
下载进度: [=============                                     ] 3244032/12401968 字节
下载进度: [=============                                     ] 3252224/12401968 字节
下载进度: [=============                                     ] 3260416/12401968 字节
下载进度: [=============                                     ] 3268608/12401968 字节
下载进度: [=============                                     ] 3276800/12401968 字节
下载进度: [=============                                     ] 3284992/12401968 字节
下载进度: [=============                                     ] 3293184/12401968 字节
下载进度: [=============                                     ] 3301376/12401968 字节
下载进度: [=============                                     ] 3309568/12401968 字节
下载进度: [=============                                     ] 3317760/12401968 字节
下载进度: [=============                                     ] 3325952/12401968 字节
下载进度: [=============                                     ] 3334144/12401968 字节
下载进度: [=============                                     ] 3342336/12401968 字节
下载进度: [=============                                     ] 3350528/12401968 字节
下载进度: [=============                                     ] 3358720/12401968 字节
下载进度: [=============                                     ] 3366912/12401968 字节
下载进度: [=============                                     ] 3375104/12401968 字节
下载进度: [=============                                     ] 3383296/12401968 字节
下载进度: [=============                                     ] 3391488/12401968 字节
下载进度: [=============                                     ] 3399680/12401968 字节
下载进度: [=============                                     ] 3407872/12401968 字节
下载进度: [=============                                     ] 3416064/12401968 字节
下载进度: [=============                                     ] 3424256/12401968 字节
下载进度: [=============                                     ] 3432448/12401968 字节
下载进度: [=============                                     ] 3440640/12401968 字节
下载进度: [=============                                     ] 3448832/12401968 字节
下载进度: [=============                                     ] 3457024/12401968 字节
下载进度: [=============                                     ] 3465216/12401968 字节
下载进度: [==============                                    ] 3473408/12401968 字节
下载进度: [==============                                    ] 3481600/12401968 字节
下载进度: [==============                                    ] 3489792/12401968 字节
下载进度: [==============                                    ] 3497984/12401968 字节
下载进度: [==============                                    ] 3506176/12401968 字节
下载进度: [==============                                    ] 3514368/12401968 字节
下载进度: [==============                                    ] 3522560/12401968 字节
下载进度: [==============                                    ] 3530752/12401968 字节
下载进度: [==============                                    ] 3538944/12401968 字节
下载进度: [==============                                    ] 3547136/12401968 字节
下载进度: [==============                                    ] 3555328/12401968 字节
下载进度: [==============                                    ] 3563520/12401968 字节
下载进度: [==============                                    ] 3571712/12401968 字节
下载进度: [==============                                    ] 3579904/12401968 字节
下载进度: [==============                                    ] 3588096/12401968 字节
下载进度: [==============                                    ] 3596288/12401968 字节
下载进度: [==============                                    ] 3604480/12401968 字节
下载进度: [==============                                    ] 3612672/12401968 字节
下载进度: [==============                                    ] 3620864/12401968 字节
下载进度: [==============                                    ] 3629056/12401968 字节
下载进度: [==============                                    ] 3637248/12401968 字节
下载进度: [==============                                    ] 3645440/12401968 字节
下载进度: [==============                                    ] 3653632/12401968 字节
下载进度: [==============                                    ] 3661824/12401968 字节
下载进度: [==============                                    ] 3670016/12401968 字节
下载进度: [==============                                    ] 3678208/12401968 字节
下载进度: [==============                                    ] 3686400/12401968 字节
下载进度: [==============                                    ] 3694592/12401968 字节
下载进度: [==============                                    ] 3702784/12401968 字节
下载进度: [==============                                    ] 3710976/12401968 字节
下载进度: [==============                                    ] 3719168/12401968 字节
下载进度: [===============                                   ] 3727360/12401968 字节
下载进度: [===============                                   ] 3735552/12401968 字节
下载进度: [===============                                   ] 3743744/12401968 字节
下载进度: [===============                                   ] 3751936/12401968 字节
下载进度: [===============                                   ] 3760128/12401968 字节
下载进度: [===============                                   ] 3768320/12401968 字节
下载进度: [===============                                   ] 3776512/12401968 字节
下载进度: [===============                                   ] 3784704/12401968 字节
下载进度: [===============                                   ] 3792896/12401968 字节
下载进度: [===============                                   ] 3801088/12401968 字节
下载进度: [===============                                   ] 3809280/12401968 字节
下载进度: [===============                                   ] 3817472/12401968 字节
下载进度: [===============                                   ] 3825664/12401968 字节
下载进度: [===============                                   ] 3833856/12401968 字节
下载进度: [===============                                   ] 3842048/12401968 字节
下载进度: [===============                                   ] 3850240/12401968 字节
下载进度: [===============                                   ] 3858432/12401968 字节
下载进度: [===============                                   ] 3866624/12401968 字节
下载进度: [===============                                   ] 3874816/12401968 字节
下载进度: [===============                                   ] 3883008/12401968 字节
下载进度: [===============                                   ] 3891200/12401968 字节
下载进度: [===============                                   ] 3899392/12401968 字节
下载进度: [===============                                   ] 3907584/12401968 字节
下载进度: [===============                                   ] 3915776/12401968 字节
下载进度: [===============                                   ] 3923968/12401968 字节
下载进度: [===============                                   ] 3932160/12401968 字节
下载进度: [===============                                   ] 3940352/12401968 字节
下载进度: [===============                                   ] 3948544/12401968 字节
下载进度: [===============                                   ] 3956736/12401968 字节
下载进度: [===============                                   ] 3964928/12401968 字节
下载进度: [================                                  ] 3973120/12401968 字节
下载进度: [================                                  ] 3981312/12401968 字节
下载进度: [================                                  ] 3989504/12401968 字节
下载进度: [================                                  ] 3997696/12401968 字节
下载进度: [================                                  ] 4005888/12401968 字节
下载进度: [================                                  ] 4014080/12401968 字节
下载进度: [================                                  ] 4022272/12401968 字节
下载进度: [================                                  ] 4030464/12401968 字节
下载进度: [================                                  ] 4038656/12401968 字节
下载进度: [================                                  ] 4046848/12401968 字节
下载进度: [================                                  ] 4055040/12401968 字节
下载进度: [================                                  ] 4063232/12401968 字节
下载进度: [================                                  ] 4071424/12401968 字节
下载进度: [================                                  ] 4079616/12401968 字节
下载进度: [================                                  ] 4087808/12401968 字节
下载进度: [================                                  ] 4096000/12401968 字节
下载进度: [================                                  ] 4104192/12401968 字节
下载进度: [================                                  ] 4112384/12401968 字节
下载进度: [================                                  ] 4120576/12401968 字节
下载进度: [================                                  ] 4128768/12401968 字节
下载进度: [================                                  ] 4136960/12401968 字节
下载进度: [================                                  ] 4145152/12401968 字节
下载进度: [================                                  ] 4153344/12401968 字节
下载进度: [================                                  ] 4161536/12401968 字节
下载进度: [================                                  ] 4169728/12401968 字节
下载进度: [================                                  ] 4177920/12401968 字节
下载进度: [================                                  ] 4186112/12401968 字节
下载进度: [================                                  ] 4194304/12401968 字节
下载进度: [================                                  ] 4202496/12401968 字节
下载进度: [================                                  ] 4210688/12401968 字节
下载进度: [=================                                 ] 4218880/12401968 字节
下载进度: [=================                                 ] 4227072/12401968 字节
下载进度: [=================                                 ] 4235264/12401968 字节
下载进度: [=================                                 ] 4243456/12401968 字节
下载进度: [=================                                 ] 4251648/12401968 字节
下载进度: [=================                                 ] 4259840/12401968 字节
下载进度: [=================                                 ] 4268032/12401968 字节
下载进度: [=================                                 ] 4276224/12401968 字节
下载进度: [=================                                 ] 4284416/12401968 字节
下载进度: [=================                                 ] 4292608/12401968 字节
下载进度: [=================                                 ] 4300800/12401968 字节
下载进度: [=================                                 ] 4308992/12401968 字节
下载进度: [=================                                 ] 4317184/12401968 字节
下载进度: [=================                                 ] 4325376/12401968 字节
下载进度: [=================                                 ] 4333568/12401968 字节
下载进度: [=================                                 ] 4341760/12401968 字节
下载进度: [=================                                 ] 4349952/12401968 字节
下载进度: [=================                                 ] 4358144/12401968 字节
下载进度: [=================                                 ] 4366336/12401968 字节
下载进度: [=================                                 ] 4374528/12401968 字节
下载进度: [=================                                 ] 4382720/12401968 字节
下载进度: [=================                                 ] 4390912/12401968 字节
下载进度: [=================                                 ] 4399104/12401968 字节
下载进度: [=================                                 ] 4407296/12401968 字节
下载进度: [=================                                 ] 4415488/12401968 字节
下载进度: [=================                                 ] 4423680/12401968 字节
下载进度: [=================                                 ] 4431872/12401968 字节
下载进度: [=================                                 ] 4440064/12401968 字节
下载进度: [=================                                 ] 4448256/12401968 字节
下载进度: [=================                                 ] 4456448/12401968 字节
下载进度: [=================                                 ] 4464640/12401968 字节
下载进度: [==================                                ] 4472832/12401968 字节
下载进度: [==================                                ] 4481024/12401968 字节
下载进度: [==================                                ] 4489216/12401968 字节
下载进度: [==================                                ] 4497408/12401968 字节
下载进度: [==================                                ] 4505600/12401968 字节
下载进度: [==================                                ] 4513792/12401968 字节
下载进度: [==================                                ] 4521984/12401968 字节
下载进度: [==================                                ] 4530176/12401968 字节
下载进度: [==================                                ] 4538368/12401968 字节
下载进度: [==================                                ] 4546560/12401968 字节
下载进度: [==================                                ] 4554752/12401968 字节
下载进度: [==================                                ] 4562944/12401968 字节
下载进度: [==================                                ] 4571136/12401968 字节
下载进度: [==================                                ] 4579328/12401968 字节
下载进度: [==================                                ] 4587520/12401968 字节
下载进度: [==================                                ] 4595712/12401968 字节
下载进度: [==================                                ] 4603904/12401968 字节
下载进度: [==================                                ] 4612096/12401968 字节
下载进度: [==================                                ] 4620288/12401968 字节
下载进度: [==================                                ] 4628480/12401968 字节
下载进度: [==================                                ] 4636672/12401968 字节
下载进度: [==================                                ] 4644864/12401968 字节
下载进度: [==================                                ] 4653056/12401968 字节
下载进度: [==================                                ] 4661248/12401968 字节
下载进度: [==================                                ] 4669440/12401968 字节
下载进度: [==================                                ] 4677632/12401968 字节
下载进度: [==================                                ] 4685824/12401968 字节
下载进度: [==================                                ] 4694016/12401968 字节
下载进度: [==================                                ] 4702208/12401968 字节
下载进度: [==================                                ] 4710400/12401968 字节
下载进度: [===================                               ] 4718592/12401968 字节
下载进度: [===================                               ] 4726784/12401968 字节
下载进度: [===================                               ] 4734976/12401968 字节
下载进度: [===================                               ] 4743168/12401968 字节
下载进度: [===================                               ] 4751360/12401968 字节
下载进度: [===================                               ] 4759552/12401968 字节
下载进度: [===================                               ] 4767744/12401968 字节
下载进度: [===================                               ] 4775936/12401968 字节
下载进度: [===================                               ] 4784128/12401968 字节
下载进度: [===================                               ] 4792320/12401968 字节
下载进度: [===================                               ] 4800512/12401968 字节
下载进度: [===================                               ] 4808704/12401968 字节
下载进度: [===================                               ] 4816896/12401968 字节
下载进度: [===================                               ] 4825088/12401968 字节
下载进度: [===================                               ] 4833280/12401968 字节
下载进度: [===================                               ] 4841472/12401968 字节
下载进度: [===================                               ] 4849664/12401968 字节
下载进度: [===================                               ] 4857856/12401968 字节
下载进度: [===================                               ] 4866048/12401968 字节
下载进度: [===================                               ] 4874240/12401968 字节
下载进度: [===================                               ] 4882432/12401968 字节
下载进度: [===================                               ] 4890624/12401968 字节
下载进度: [===================                               ] 4898816/12401968 字节
下载进度: [===================                               ] 4907008/12401968 字节
下载进度: [===================                               ] 4915200/12401968 字节
下载进度: [===================                               ] 4923392/12401968 字节
下载进度: [===================                               ] 4931584/12401968 字节
下载进度: [===================                               ] 4939776/12401968 字节
下载进度: [===================                               ] 4947968/12401968 字节
下载进度: [===================                               ] 4956160/12401968 字节
下载进度: [====================                              ] 4964352/12401968 字节
下载进度: [====================                              ] 4972544/12401968 字节
下载进度: [====================                              ] 4980736/12401968 字节
下载进度: [====================                              ] 4988928/12401968 字节
下载进度: [====================                              ] 4997120/12401968 字节
下载进度: [====================                              ] 5005312/12401968 字节
下载进度: [====================                              ] 5013504/12401968 字节
下载进度: [====================                              ] 5021696/12401968 字节
下载进度: [====================                              ] 5029888/12401968 字节
下载进度: [====================                              ] 5038080/12401968 字节
下载进度: [====================                              ] 5046272/12401968 字节
下载进度: [====================                              ] 5054464/12401968 字节
下载进度: [====================                              ] 5062656/12401968 字节
下载进度: [====================                              ] 5070848/12401968 字节
下载进度: [====================                              ] 5079040/12401968 字节
下载进度: [====================                              ] 5087232/12401968 字节
下载进度: [====================                              ] 5095424/12401968 字节
下载进度: [====================                              ] 5103616/12401968 字节
下载进度: [====================                              ] 5111808/12401968 字节
下载进度: [====================                              ] 5120000/12401968 字节
下载进度: [====================                              ] 5128192/12401968 字节
下载进度: [====================                              ] 5136384/12401968 字节
下载进度: [====================                              ] 5144576/12401968 字节
下载进度: [====================                              ] 5152768/12401968 字节
下载进度: [====================                              ] 5160960/12401968 字节
下载进度: [====================                              ] 5169152/12401968 字节
下载进度: [====================                              ] 5177344/12401968 字节
下载进度: [====================                              ] 5185536/12401968 字节
下载进度: [====================                              ] 5193728/12401968 字节
下载进度: [====================                              ] 5201920/12401968 字节
下载进度: [=====================                             ] 5210112/12401968 字节
下载进度: [=====================                             ] 5218304/12401968 字节
下载进度: [=====================                             ] 5226496/12401968 字节
下载进度: [=====================                             ] 5234688/12401968 字节
下载进度: [=====================                             ] 5242880/12401968 字节
下载进度: [=====================                             ] 5251072/12401968 字节
下载进度: [=====================                             ] 5259264/12401968 字节
下载进度: [=====================                             ] 5267456/12401968 字节
下载进度: [=====================                             ] 5275648/12401968 字节
下载进度: [=====================                             ] 5283840/12401968 字节
下载进度: [=====================                             ] 5292032/12401968 字节
下载进度: [=====================                             ] 5300224/12401968 字节
下载进度: [=====================                             ] 5308416/12401968 字节
下载进度: [=====================                             ] 5316608/12401968 字节
下载进度: [=====================                             ] 5324800/12401968 字节
下载进度: [=====================                             ] 5332992/12401968 字节
下载进度: [=====================                             ] 5341184/12401968 字节
下载进度: [=====================                             ] 5349376/12401968 字节
下载进度: [=====================                             ] 5357568/12401968 字节
下载进度: [=====================                             ] 5365760/12401968 字节
下载进度: [=====================                             ] 5373952/12401968 字节
下载进度: [=====================                             ] 5382144/12401968 字节
下载进度: [=====================                             ] 5390336/12401968 字节
下载进度: [=====================                             ] 5398528/12401968 字节
下载进度: [=====================                             ] 5406720/12401968 字节
下载进度: [=====================                             ] 5414912/12401968 字节
下载进度: [=====================                             ] 5423104/12401968 字节
下载进度: [=====================                             ] 5431296/12401968 字节
下载进度: [=====================                             ] 5439488/12401968 字节
下载进度: [=====================                             ] 5447680/12401968 字节
下载进度: [=====================                             ] 5455872/12401968 字节
下载进度: [======================                            ] 5464064/12401968 字节
下载进度: [======================                            ] 5472256/12401968 字节
下载进度: [======================                            ] 5480448/12401968 字节
下载进度: [======================                            ] 5488640/12401968 字节
下载进度: [======================                            ] 5496832/12401968 字节
下载进度: [======================                            ] 5505024/12401968 字节
下载进度: [======================                            ] 5513216/12401968 字节
下载进度: [======================                            ] 5521408/12401968 字节
下载进度: [======================                            ] 5529600/12401968 字节
下载进度: [======================                            ] 5537792/12401968 字节
下载进度: [======================                            ] 5545984/12401968 字节
下载进度: [======================                            ] 5554176/12401968 字节
下载进度: [======================                            ] 5562368/12401968 字节
下载进度: [======================                            ] 5570560/12401968 字节
下载进度: [======================                            ] 5578752/12401968 字节
下载进度: [======================                            ] 5586944/12401968 字节
下载进度: [======================                            ] 5595136/12401968 字节
下载进度: [======================                            ] 5603328/12401968 字节
下载进度: [======================                            ] 5611520/12401968 字节
下载进度: [======================                            ] 5619712/12401968 字节
下载进度: [======================                            ] 5627904/12401968 字节
下载进度: [======================                            ] 5636096/12401968 字节
下载进度: [======================                            ] 5644288/12401968 字节
下载进度: [======================                            ] 5652480/12401968 字节
下载进度: [======================                            ] 5660672/12401968 字节
下载进度: [======================                            ] 5668864/12401968 字节
下载进度: [======================                            ] 5677056/12401968 字节
下载进度: [======================                            ] 5685248/12401968 字节
下载进度: [======================                            ] 5693440/12401968 字节
下载进度: [======================                            ] 5701632/12401968 字节
下载进度: [=======================                           ] 5709824/12401968 字节
下载进度: [=======================                           ] 5718016/12401968 字节
下载进度: [=======================                           ] 5726208/12401968 字节
下载进度: [=======================                           ] 5734400/12401968 字节
下载进度: [=======================                           ] 5742592/12401968 字节
下载进度: [=======================                           ] 5750784/12401968 字节
下载进度: [=======================                           ] 5758976/12401968 字节
下载进度: [=======================                           ] 5767168/12401968 字节
下载进度: [=======================                           ] 5775360/12401968 字节
下载进度: [=======================                           ] 5783552/12401968 字节
下载进度: [=======================                           ] 5791744/12401968 字节
下载进度: [=======================                           ] 5799936/12401968 字节
下载进度: [=======================                           ] 5808128/12401968 字节
下载进度: [=======================                           ] 5816320/12401968 字节
下载进度: [=======================                           ] 5824512/12401968 字节
下载进度: [=======================                           ] 5832704/12401968 字节
下载进度: [=======================                           ] 5840896/12401968 字节
下载进度: [=======================                           ] 5849088/12401968 字节
下载进度: [=======================                           ] 5857280/12401968 字节
下载进度: [=======================                           ] 5865472/12401968 字节
下载进度: [=======================                           ] 5873664/12401968 字节
下载进度: [=======================                           ] 5881856/12401968 字节
下载进度: [=======================                           ] 5890048/12401968 字节
下载进度: [=======================                           ] 5898240/12401968 字节
下载进度: [=======================                           ] 5906432/12401968 字节
下载进度: [=======================                           ] 5914624/12401968 字节
下载进度: [=======================                           ] 5922816/12401968 字节
下载进度: [=======================                           ] 5931008/12401968 字节
下载进度: [=======================                           ] 5939200/12401968 字节
下载进度: [=======================                           ] 5947392/12401968 字节
下载进度: [========================                          ] 5955584/12401968 字节
下载进度: [========================                          ] 5963776/12401968 字节
下载进度: [========================                          ] 5971968/12401968 字节
下载进度: [========================                          ] 5980160/12401968 字节
下载进度: [========================                          ] 5988352/12401968 字节
下载进度: [========================                          ] 5996544/12401968 字节
下载进度: [========================                          ] 6004736/12401968 字节
下载进度: [========================                          ] 6012928/12401968 字节
下载进度: [========================                          ] 6021120/12401968 字节
下载进度: [========================                          ] 6029312/12401968 字节
下载进度: [========================                          ] 6037504/12401968 字节
下载进度: [========================                          ] 6045696/12401968 字节
下载进度: [========================                          ] 6053888/12401968 字节
下载进度: [========================                          ] 6062080/12401968 字节
下载进度: [========================                          ] 6070272/12401968 字节
下载进度: [========================                          ] 6078464/12401968 字节
下载进度: [========================                          ] 6086656/12401968 字节
下载进度: [========================                          ] 6094848/12401968 字节
下载进度: [========================                          ] 6103040/12401968 字节
下载进度: [========================                          ] 6111232/12401968 字节
下载进度: [========================                          ] 6119424/12401968 字节
下载进度: [========================                          ] 6127616/12401968 字节
下载进度: [========================                          ] 6135808/12401968 字节
下载进度: [========================                          ] 6144000/12401968 字节
下载进度: [========================                          ] 6152192/12401968 字节
下载进度: [========================                          ] 6160384/12401968 字节
下载进度: [========================                          ] 6168576/12401968 字节
下载进度: [========================                          ] 6176768/12401968 字节
下载进度: [========================                          ] 6184960/12401968 字节
下载进度: [========================                          ] 6193152/12401968 字节
下载进度: [=========================                         ] 6201344/12401968 字节
下载进度: [=========================                         ] 6209536/12401968 字节
下载进度: [=========================                         ] 6217728/12401968 字节
下载进度: [=========================                         ] 6225920/12401968 字节
下载进度: [=========================                         ] 6234112/12401968 字节
下载进度: [=========================                         ] 6242304/12401968 字节
下载进度: [=========================                         ] 6250496/12401968 字节
下载进度: [=========================                         ] 6258688/12401968 字节
下载进度: [=========================                         ] 6266880/12401968 字节
下载进度: [=========================                         ] 6275072/12401968 字节
下载进度: [=========================                         ] 6283264/12401968 字节
下载进度: [=========================                         ] 6291456/12401968 字节
下载进度: [=========================                         ] 6299648/12401968 字节
下载进度: [=========================                         ] 6307840/12401968 字节
下载进度: [=========================                         ] 6316032/12401968 字节
下载进度: [=========================                         ] 6324224/12401968 字节
下载进度: [=========================                         ] 6332416/12401968 字节
下载进度: [=========================                         ] 6340608/12401968 字节
下载进度: [=========================                         ] 6348800/12401968 字节
下载进度: [=========================                         ] 6356992/12401968 字节
下载进度: [=========================                         ] 6365184/12401968 字节
下载进度: [=========================                         ] 6373376/12401968 字节
下载进度: [=========================                         ] 6381568/12401968 字节
下载进度: [=========================                         ] 6389760/12401968 字节
下载进度: [=========================                         ] 6397952/12401968 字节
下载进度: [=========================                         ] 6406144/12401968 字节
下载进度: [=========================                         ] 6414336/12401968 字节
下载进度: [=========================                         ] 6422528/12401968 字节
下载进度: [=========================                         ] 6430720/12401968 字节
下载进度: [=========================                         ] 6438912/12401968 字节
下载进度: [=========================                         ] 6447104/12401968 字节
下载进度: [==========================                        ] 6455296/12401968 字节
下载进度: [==========================                        ] 6463488/12401968 字节
下载进度: [==========================                        ] 6471680/12401968 字节
下载进度: [==========================                        ] 6479872/12401968 字节
下载进度: [==========================                        ] 6488064/12401968 字节
下载进度: [==========================                        ] 6496256/12401968 字节
下载进度: [==========================                        ] 6504448/12401968 字节
下载进度: [==========================                        ] 6512640/12401968 字节
下载进度: [==========================                        ] 6520832/12401968 字节
下载进度: [==========================                        ] 6529024/12401968 字节
下载进度: [==========================                        ] 6537216/12401968 字节
下载进度: [==========================                        ] 6545408/12401968 字节
下载进度: [==========================                        ] 6553600/12401968 字节
下载进度: [==========================                        ] 6561792/12401968 字节
下载进度: [==========================                        ] 6569984/12401968 字节
下载进度: [==========================                        ] 6578176/12401968 字节
下载进度: [==========================                        ] 6586368/12401968 字节
下载进度: [==========================                        ] 6594560/12401968 字节
下载进度: [==========================                        ] 6602752/12401968 字节
下载进度: [==========================                        ] 6610944/12401968 字节
下载进度: [==========================                        ] 6619136/12401968 字节
下载进度: [==========================                        ] 6627328/12401968 字节
下载进度: [==========================                        ] 6635520/12401968 字节
下载进度: [==========================                        ] 6643712/12401968 字节
下载进度: [==========================                        ] 6651904/12401968 字节
下载进度: [==========================                        ] 6660096/12401968 字节
下载进度: [==========================                        ] 6668288/12401968 字节
下载进度: [==========================                        ] 6676480/12401968 字节
下载进度: [==========================                        ] 6684672/12401968 字节
下载进度: [==========================                        ] 6692864/12401968 字节
下载进度: [===========================                       ] 6701056/12401968 字节
下载进度: [===========================                       ] 6709248/12401968 字节
下载进度: [===========================                       ] 6717440/12401968 字节
下载进度: [===========================                       ] 6725632/12401968 字节
下载进度: [===========================                       ] 6733824/12401968 字节
下载进度: [===========================                       ] 6742016/12401968 字节
下载进度: [===========================                       ] 6750208/12401968 字节
下载进度: [===========================                       ] 6758400/12401968 字节
下载进度: [===========================                       ] 6766592/12401968 字节
下载进度: [===========================                       ] 6774784/12401968 字节
下载进度: [===========================                       ] 6782976/12401968 字节
下载进度: [===========================                       ] 6791168/12401968 字节
下载进度: [===========================                       ] 6799360/12401968 字节
下载进度: [===========================                       ] 6807552/12401968 字节
下载进度: [===========================                       ] 6815744/12401968 字节
下载进度: [===========================                       ] 6823936/12401968 字节
下载进度: [===========================                       ] 6832128/12401968 字节
下载进度: [===========================                       ] 6840320/12401968 字节
下载进度: [===========================                       ] 6848512/12401968 字节
下载进度: [===========================                       ] 6856704/12401968 字节
下载进度: [===========================                       ] 6864896/12401968 字节
下载进度: [===========================                       ] 6873088/12401968 字节
下载进度: [===========================                       ] 6881280/12401968 字节
下载进度: [===========================                       ] 6889472/12401968 字节
下载进度: [===========================                       ] 6897664/12401968 字节
下载进度: [===========================                       ] 6905856/12401968 字节
下载进度: [===========================                       ] 6914048/12401968 字节
下载进度: [===========================                       ] 6922240/12401968 字节
下载进度: [===========================                       ] 6930432/12401968 字节
下载进度: [===========================                       ] 6938624/12401968 字节
下载进度: [============================                      ] 6946816/12401968 字节
下载进度: [============================                      ] 6955008/12401968 字节
下载进度: [============================                      ] 6963200/12401968 字节
下载进度: [============================                      ] 6971392/12401968 字节
下载进度: [============================                      ] 6979584/12401968 字节
下载进度: [============================                      ] 6987776/12401968 字节
下载进度: [============================                      ] 6995968/12401968 字节
下载进度: [============================                      ] 7004160/12401968 字节
下载进度: [============================                      ] 7012352/12401968 字节
下载进度: [============================                      ] 7020544/12401968 字节
下载进度: [============================                      ] 7028736/12401968 字节
下载进度: [============================                      ] 7036928/12401968 字节
下载进度: [============================                      ] 7045120/12401968 字节
下载进度: [============================                      ] 7053312/12401968 字节
下载进度: [============================                      ] 7061504/12401968 字节
下载进度: [============================                      ] 7069696/12401968 字节
下载进度: [============================                      ] 7077888/12401968 字节
下载进度: [============================                      ] 7086080/12401968 字节
下载进度: [============================                      ] 7094272/12401968 字节
下载进度: [============================                      ] 7102464/12401968 字节
下载进度: [============================                      ] 7110656/12401968 字节
下载进度: [============================                      ] 7118848/12401968 字节
下载进度: [============================                      ] 7127040/12401968 字节
下载进度: [============================                      ] 7135232/12401968 字节
下载进度: [============================                      ] 7143424/12401968 字节
下载进度: [============================                      ] 7151616/12401968 字节
下载进度: [============================                      ] 7159808/12401968 字节
下载进度: [============================                      ] 7168000/12401968 字节
下载进度: [============================                      ] 7176192/12401968 字节
下载进度: [============================                      ] 7184384/12401968 字节
下载进度: [============================                      ] 7192576/12401968 字节
下载进度: [=============================                     ] 7200768/12401968 字节
下载进度: [=============================                     ] 7208960/12401968 字节
下载进度: [=============================                     ] 7217152/12401968 字节
下载进度: [=============================                     ] 7225344/12401968 字节
下载进度: [=============================                     ] 7233536/12401968 字节
下载进度: [=============================                     ] 7241728/12401968 字节
下载进度: [=============================                     ] 7249920/12401968 字节
下载进度: [=============================                     ] 7258112/12401968 字节
下载进度: [=============================                     ] 7266304/12401968 字节
下载进度: [=============================                     ] 7274496/12401968 字节
下载进度: [=============================                     ] 7282688/12401968 字节
下载进度: [=============================                     ] 7290880/12401968 字节
下载进度: [=============================                     ] 7299072/12401968 字节
下载进度: [=============================                     ] 7307264/12401968 字节
下载进度: [=============================                     ] 7315456/12401968 字节
下载进度: [=============================                     ] 7323648/12401968 字节
下载进度: [=============================                     ] 7331840/12401968 字节
下载进度: [=============================                     ] 7340032/12401968 字节
下载进度: [=============================                     ] 7348224/12401968 字节
下载进度: [=============================                     ] 7356416/12401968 字节
下载进度: [=============================                     ] 7364608/12401968 字节
下载进度: [=============================                     ] 7372800/12401968 字节
下载进度: [=============================                     ] 7380992/12401968 字节
下载进度: [=============================                     ] 7389184/12401968 字节
下载进度: [=============================                     ] 7397376/12401968 字节
下载进度: [=============================                     ] 7405568/12401968 字节
下载进度: [=============================                     ] 7413760/12401968 字节
下载进度: [=============================                     ] 7421952/12401968 字节
下载进度: [=============================                     ] 7430144/12401968 字节
下载进度: [=============================                     ] 7438336/12401968 字节
下载进度: [==============================                    ] 7446528/12401968 字节
下载进度: [==============================                    ] 7454720/12401968 字节
下载进度: [==============================                    ] 7462912/12401968 字节
下载进度: [==============================                    ] 7471104/12401968 字节
下载进度: [==============================                    ] 7479296/12401968 字节
下载进度: [==============================                    ] 7487488/12401968 字节
下载进度: [==============================                    ] 7495680/12401968 字节
下载进度: [==============================                    ] 7503872/12401968 字节
下载进度: [==============================                    ] 7512064/12401968 字节
下载进度: [==============================                    ] 7520256/12401968 字节
下载进度: [==============================                    ] 7528448/12401968 字节
下载进度: [==============================                    ] 7536640/12401968 字节
下载进度: [==============================                    ] 7544832/12401968 字节
下载进度: [==============================                    ] 7553024/12401968 字节
下载进度: [==============================                    ] 7561216/12401968 字节
下载进度: [==============================                    ] 7569408/12401968 字节
下载进度: [==============================                    ] 7577600/12401968 字节
下载进度: [==============================                    ] 7585792/12401968 字节
下载进度: [==============================                    ] 7593984/12401968 字节
下载进度: [==============================                    ] 7602176/12401968 字节
下载进度: [==============================                    ] 7610368/12401968 字节
下载进度: [==============================                    ] 7618560/12401968 字节
下载进度: [==============================                    ] 7626752/12401968 字节
下载进度: [==============================                    ] 7634944/12401968 字节
下载进度: [==============================                    ] 7643136/12401968 字节
下载进度: [==============================                    ] 7651328/12401968 字节
下载进度: [==============================                    ] 7659520/12401968 字节
下载进度: [==============================                    ] 7667712/12401968 字节
下载进度: [==============================                    ] 7675904/12401968 字节
下载进度: [==============================                    ] 7684096/12401968 字节
下载进度: [===============================                   ] 7692288/12401968 字节
下载进度: [===============================                   ] 7700480/12401968 字节
下载进度: [===============================                   ] 7708672/12401968 字节
下载进度: [===============================                   ] 7716864/12401968 字节
下载进度: [===============================                   ] 7725056/12401968 字节
下载进度: [===============================                   ] 7733248/12401968 字节
下载进度: [===============================                   ] 7741440/12401968 字节
下载进度: [===============================                   ] 7749632/12401968 字节
下载进度: [===============================                   ] 7757824/12401968 字节
下载进度: [===============================                   ] 7766016/12401968 字节
下载进度: [===============================                   ] 7774208/12401968 字节
下载进度: [===============================                   ] 7782400/12401968 字节
下载进度: [===============================                   ] 7790592/12401968 字节
下载进度: [===============================                   ] 7798784/12401968 字节
下载进度: [===============================                   ] 7806976/12401968 字节
下载进度: [===============================                   ] 7815168/12401968 字节
下载进度: [===============================                   ] 7823360/12401968 字节
下载进度: [===============================                   ] 7831552/12401968 字节
下载进度: [===============================                   ] 7839744/12401968 字节
下载进度: [===============================                   ] 7847936/12401968 字节
下载进度: [===============================                   ] 7856128/12401968 字节
下载进度: [===============================                   ] 7864320/12401968 字节
下载进度: [===============================                   ] 7872512/12401968 字节
下载进度: [===============================                   ] 7880704/12401968 字节
下载进度: [===============================                   ] 7888896/12401968 字节
下载进度: [===============================                   ] 7897088/12401968 字节
下载进度: [===============================                   ] 7905280/12401968 字节
下载进度: [===============================                   ] 7913472/12401968 字节
下载进度: [===============================                   ] 7921664/12401968 字节
下载进度: [===============================                   ] 7929856/12401968 字节
下载进度: [================================                  ] 7938048/12401968 字节
下载进度: [================================                  ] 7946240/12401968 字节
下载进度: [================================                  ] 7954432/12401968 字节
下载进度: [================================                  ] 7962624/12401968 字节
下载进度: [================================                  ] 7970816/12401968 字节
下载进度: [================================                  ] 7979008/12401968 字节
下载进度: [================================                  ] 7987200/12401968 字节
下载进度: [================================                  ] 7995392/12401968 字节
下载进度: [================================                  ] 8003584/12401968 字节
下载进度: [================================                  ] 8011776/12401968 字节
下载进度: [================================                  ] 8019968/12401968 字节
下载进度: [================================                  ] 8028160/12401968 字节
下载进度: [================================                  ] 8036352/12401968 字节
下载进度: [================================                  ] 8044544/12401968 字节
下载进度: [================================                  ] 8052736/12401968 字节
下载进度: [================================                  ] 8060928/12401968 字节
下载进度: [================================                  ] 8069120/12401968 字节
下载进度: [================================                  ] 8077312/12401968 字节
下载进度: [================================                  ] 8085504/12401968 字节
下载进度: [================================                  ] 8093696/12401968 字节
下载进度: [================================                  ] 8101888/12401968 字节
下载进度: [================================                  ] 8110080/12401968 字节
下载进度: [================================                  ] 8118272/12401968 字节
下载进度: [================================                  ] 8126464/12401968 字节
下载进度: [================================                  ] 8134656/12401968 字节
下载进度: [================================                  ] 8142848/12401968 字节
下载进度: [================================                  ] 8151040/12401968 字节
下载进度: [================================                  ] 8159232/12401968 字节
下载进度: [================================                  ] 8167424/12401968 字节
下载进度: [================================                  ] 8175616/12401968 字节
下载进度: [================================                  ] 8183808/12401968 字节
下载进度: [=================================                 ] 8192000/12401968 字节
下载进度: [=================================                 ] 8200192/12401968 字节
下载进度: [=================================                 ] 8208384/12401968 字节
下载进度: [=================================                 ] 8216576/12401968 字节
下载进度: [=================================                 ] 8224768/12401968 字节
下载进度: [=================================                 ] 8232960/12401968 字节
下载进度: [=================================                 ] 8241152/12401968 字节
下载进度: [=================================                 ] 8249344/12401968 字节
下载进度: [=================================                 ] 8257536/12401968 字节
下载进度: [=================================                 ] 8265728/12401968 字节
下载进度: [=================================                 ] 8273920/12401968 字节
下载进度: [=================================                 ] 8282112/12401968 字节
下载进度: [=================================                 ] 8290304/12401968 字节
下载进度: [=================================                 ] 8298496/12401968 字节
下载进度: [=================================                 ] 8306688/12401968 字节
下载进度: [=================================                 ] 8314880/12401968 字节
下载进度: [=================================                 ] 8323072/12401968 字节
下载进度: [=================================                 ] 8331264/12401968 字节
下载进度: [=================================                 ] 8339456/12401968 字节
下载进度: [=================================                 ] 8347648/12401968 字节
下载进度: [=================================                 ] 8355840/12401968 字节
下载进度: [=================================                 ] 8364032/12401968 字节
下载进度: [=================================                 ] 8372224/12401968 字节
下载进度: [=================================                 ] 8380416/12401968 字节
下载进度: [=================================                 ] 8388608/12401968 字节
下载进度: [=================================                 ] 8396800/12401968 字节
下载进度: [=================================                 ] 8404992/12401968 字节
下载进度: [=================================                 ] 8413184/12401968 字节
下载进度: [=================================                 ] 8421376/12401968 字节
下载进度: [=================================                 ] 8429568/12401968 字节
下载进度: [==================================                ] 8437760/12401968 字节
下载进度: [==================================                ] 8445952/12401968 字节
下载进度: [==================================                ] 8454144/12401968 字节
下载进度: [==================================                ] 8462336/12401968 字节
下载进度: [==================================                ] 8470528/12401968 字节
下载进度: [==================================                ] 8478720/12401968 字节
下载进度: [==================================                ] 8486912/12401968 字节
下载进度: [==================================                ] 8495104/12401968 字节
下载进度: [==================================                ] 8503296/12401968 字节
下载进度: [==================================                ] 8511488/12401968 字节
下载进度: [==================================                ] 8519680/12401968 字节
下载进度: [==================================                ] 8527872/12401968 字节
下载进度: [==================================                ] 8536064/12401968 字节
下载进度: [==================================                ] 8544256/12401968 字节
下载进度: [==================================                ] 8552448/12401968 字节
下载进度: [==================================                ] 8560640/12401968 字节
下载进度: [==================================                ] 8568832/12401968 字节
下载进度: [==================================                ] 8577024/12401968 字节
下载进度: [==================================                ] 8585216/12401968 字节
下载进度: [==================================                ] 8593408/12401968 字节
下载进度: [==================================                ] 8601600/12401968 字节
下载进度: [==================================                ] 8609792/12401968 字节
下载进度: [==================================                ] 8617984/12401968 字节
下载进度: [==================================                ] 8626176/12401968 字节
下载进度: [==================================                ] 8634368/12401968 字节
下载进度: [==================================                ] 8642560/12401968 字节
下载进度: [==================================                ] 8650752/12401968 字节
下载进度: [==================================                ] 8658944/12401968 字节
下载进度: [==================================                ] 8667136/12401968 字节
下载进度: [==================================                ] 8675328/12401968 字节
下载进度: [===================================               ] 8683520/12401968 字节
下载进度: [===================================               ] 8691712/12401968 字节
下载进度: [===================================               ] 8699904/12401968 字节
下载进度: [===================================               ] 8708096/12401968 字节
下载进度: [===================================               ] 8716288/12401968 字节
下载进度: [===================================               ] 8724480/12401968 字节
下载进度: [===================================               ] 8732672/12401968 字节
下载进度: [===================================               ] 8740864/12401968 字节
下载进度: [===================================               ] 8749056/12401968 字节
下载进度: [===================================               ] 8757248/12401968 字节
下载进度: [===================================               ] 8765440/12401968 字节
下载进度: [===================================               ] 8773632/12401968 字节
下载进度: [===================================               ] 8781824/12401968 字节
下载进度: [===================================               ] 8790016/12401968 字节
下载进度: [===================================               ] 8798208/12401968 字节
下载进度: [===================================               ] 8806400/12401968 字节
下载进度: [===================================               ] 8814592/12401968 字节
下载进度: [===================================               ] 8822784/12401968 字节
下载进度: [===================================               ] 8830976/12401968 字节
下载进度: [===================================               ] 8839168/12401968 字节
下载进度: [===================================               ] 8847360/12401968 字节
下载进度: [===================================               ] 8855552/12401968 字节
下载进度: [===================================               ] 8863744/12401968 字节
下载进度: [===================================               ] 8871936/12401968 字节
下载进度: [===================================               ] 8880128/12401968 字节
下载进度: [===================================               ] 8888320/12401968 字节
下载进度: [===================================               ] 8896512/12401968 字节
下载进度: [===================================               ] 8904704/12401968 字节
下载进度: [===================================               ] 8912896/12401968 字节
下载进度: [===================================               ] 8921088/12401968 字节
下载进度: [===================================               ] 8929280/12401968 字节
下载进度: [====================================              ] 8937472/12401968 字节
下载进度: [====================================              ] 8945664/12401968 字节
下载进度: [====================================              ] 8953856/12401968 字节
下载进度: [====================================              ] 8962048/12401968 字节
下载进度: [====================================              ] 8970240/12401968 字节
下载进度: [====================================              ] 8978432/12401968 字节
下载进度: [====================================              ] 8986624/12401968 字节
下载进度: [====================================              ] 8994816/12401968 字节
下载进度: [====================================              ] 9003008/12401968 字节
下载进度: [====================================              ] 9011200/12401968 字节
下载进度: [====================================              ] 9019392/12401968 字节
下载进度: [====================================              ] 9027584/12401968 字节
下载进度: [====================================              ] 9035776/12401968 字节
下载进度: [====================================              ] 9043968/12401968 字节
下载进度: [====================================              ] 9052160/12401968 字节
下载进度: [====================================              ] 9060352/12401968 字节
下载进度: [====================================              ] 9068544/12401968 字节
下载进度: [====================================              ] 9076736/12401968 字节
下载进度: [====================================              ] 9084928/12401968 字节
下载进度: [====================================              ] 9093120/12401968 字节
下载进度: [====================================              ] 9101312/12401968 字节
下载进度: [====================================              ] 9109504/12401968 字节
下载进度: [====================================              ] 9117696/12401968 字节
下载进度: [====================================              ] 9125888/12401968 字节
下载进度: [====================================              ] 9134080/12401968 字节
下载进度: [====================================              ] 9142272/12401968 字节
下载进度: [====================================              ] 9150464/12401968 字节
下载进度: [====================================              ] 9158656/12401968 字节
下载进度: [====================================              ] 9166848/12401968 字节
下载进度: [====================================              ] 9175040/12401968 字节
下载进度: [=====================================             ] 9183232/12401968 字节
下载进度: [=====================================             ] 9191424/12401968 字节
下载进度: [=====================================             ] 9199616/12401968 字节
下载进度: [=====================================             ] 9207808/12401968 字节
下载进度: [=====================================             ] 9216000/12401968 字节
下载进度: [=====================================             ] 9224192/12401968 字节
下载进度: [=====================================             ] 9232384/12401968 字节
下载进度: [=====================================             ] 9240576/12401968 字节
下载进度: [=====================================             ] 9248768/12401968 字节
下载进度: [=====================================             ] 9256960/12401968 字节
下载进度: [=====================================             ] 9265152/12401968 字节
下载进度: [=====================================             ] 9273344/12401968 字节
下载进度: [=====================================             ] 9281536/12401968 字节
下载进度: [=====================================             ] 9289728/12401968 字节
下载进度: [=====================================             ] 9297920/12401968 字节
下载进度: [=====================================             ] 9306112/12401968 字节
下载进度: [=====================================             ] 9314304/12401968 字节
下载进度: [=====================================             ] 9322496/12401968 字节
下载进度: [=====================================             ] 9330688/12401968 字节
下载进度: [=====================================             ] 9338880/12401968 字节
下载进度: [=====================================             ] 9347072/12401968 字节
下载进度: [=====================================             ] 9355264/12401968 字节
下载进度: [=====================================             ] 9363456/12401968 字节
下载进度: [=====================================             ] 9371648/12401968 字节
下载进度: [=====================================             ] 9379840/12401968 字节
下载进度: [=====================================             ] 9388032/12401968 字节
下载进度: [=====================================             ] 9396224/12401968 字节
下载进度: [=====================================             ] 9404416/12401968 字节
下载进度: [=====================================             ] 9412608/12401968 字节
下载进度: [=====================================             ] 9420800/12401968 字节
下载进度: [======================================            ] 9428992/12401968 字节
下载进度: [======================================            ] 9437184/12401968 字节
下载进度: [======================================            ] 9445376/12401968 字节
下载进度: [======================================            ] 9453568/12401968 字节
下载进度: [======================================            ] 9461760/12401968 字节
下载进度: [======================================            ] 9469952/12401968 字节
下载进度: [======================================            ] 9478144/12401968 字节
下载进度: [======================================            ] 9486336/12401968 字节
下载进度: [======================================            ] 9494528/12401968 字节
下载进度: [======================================            ] 9502720/12401968 字节
下载进度: [======================================            ] 9510912/12401968 字节
下载进度: [======================================            ] 9519104/12401968 字节
下载进度: [======================================            ] 9527296/12401968 字节
下载进度: [======================================            ] 9535488/12401968 字节
下载进度: [======================================            ] 9543680/12401968 字节
下载进度: [======================================            ] 9551872/12401968 字节
下载进度: [======================================            ] 9560064/12401968 字节
下载进度: [======================================            ] 9568256/12401968 字节
下载进度: [======================================            ] 9576448/12401968 字节
下载进度: [======================================            ] 9584640/12401968 字节
下载进度: [======================================            ] 9592832/12401968 字节
下载进度: [======================================            ] 9601024/12401968 字节
下载进度: [======================================            ] 9609216/12401968 字节
下载进度: [======================================            ] 9617408/12401968 字节
下载进度: [======================================            ] 9625600/12401968 字节
下载进度: [======================================            ] 9633792/12401968 字节
下载进度: [======================================            ] 9641984/12401968 字节
下载进度: [======================================            ] 9650176/12401968 字节
下载进度: [======================================            ] 9658368/12401968 字节
下载进度: [======================================            ] 9666560/12401968 字节
下载进度: [=======================================           ] 9674752/12401968 字节
下载进度: [=======================================           ] 9682944/12401968 字节
下载进度: [=======================================           ] 9691136/12401968 字节
下载进度: [=======================================           ] 9699328/12401968 字节
下载进度: [=======================================           ] 9707520/12401968 字节
下载进度: [=======================================           ] 9715712/12401968 字节
下载进度: [=======================================           ] 9723904/12401968 字节
下载进度: [=======================================           ] 9732096/12401968 字节
下载进度: [=======================================           ] 9740288/12401968 字节
下载进度: [=======================================           ] 9748480/12401968 字节
下载进度: [=======================================           ] 9756672/12401968 字节
下载进度: [=======================================           ] 9764864/12401968 字节
下载进度: [=======================================           ] 9773056/12401968 字节
下载进度: [=======================================           ] 9781248/12401968 字节
下载进度: [=======================================           ] 9789440/12401968 字节
下载进度: [=======================================           ] 9797632/12401968 字节
下载进度: [=======================================           ] 9805824/12401968 字节
下载进度: [=======================================           ] 9814016/12401968 字节
下载进度: [=======================================           ] 9822208/12401968 字节
下载进度: [=======================================           ] 9830400/12401968 字节
下载进度: [=======================================           ] 9838592/12401968 字节
下载进度: [=======================================           ] 9846784/12401968 字节
下载进度: [=======================================           ] 9854976/12401968 字节
下载进度: [=======================================           ] 9863168/12401968 字节
下载进度: [=======================================           ] 9871360/12401968 字节
下载进度: [=======================================           ] 9879552/12401968 字节
下载进度: [=======================================           ] 9887744/12401968 字节
下载进度: [=======================================           ] 9895936/12401968 字节
下载进度: [=======================================           ] 9904128/12401968 字节
下载进度: [=======================================           ] 9912320/12401968 字节
下载进度: [=======================================           ] 9920512/12401968 字节
下载进度: [========================================          ] 9928704/12401968 字节
下载进度: [========================================          ] 9936896/12401968 字节
下载进度: [========================================          ] 9945088/12401968 字节
下载进度: [========================================          ] 9953280/12401968 字节
下载进度: [========================================          ] 9961472/12401968 字节
下载进度: [========================================          ] 9969664/12401968 字节
下载进度: [========================================          ] 9977856/12401968 字节
下载进度: [========================================          ] 9986048/12401968 字节
下载进度: [========================================          ] 9994240/12401968 字节
下载进度: [========================================          ] 10002432/12401968 字节
下载进度: [========================================          ] 10010624/12401968 字节
下载进度: [========================================          ] 10018816/12401968 字节
下载进度: [========================================          ] 10027008/12401968 字节
下载进度: [========================================          ] 10035200/12401968 字节
下载进度: [========================================          ] 10043392/12401968 字节
下载进度: [========================================          ] 10051584/12401968 字节
下载进度: [========================================          ] 10059776/12401968 字节
下载进度: [========================================          ] 10067968/12401968 字节
下载进度: [========================================          ] 10076160/12401968 字节
下载进度: [========================================          ] 10084352/12401968 字节
下载进度: [========================================          ] 10092544/12401968 字节
下载进度: [========================================          ] 10100736/12401968 字节
下载进度: [========================================          ] 10108928/12401968 字节
下载进度: [========================================          ] 10117120/12401968 字节
下载进度: [========================================          ] 10125312/12401968 字节
下载进度: [========================================          ] 10133504/12401968 字节
下载进度: [========================================          ] 10141696/12401968 字节
下载进度: [========================================          ] 10149888/12401968 字节
下载进度: [========================================          ] 10158080/12401968 字节
下载进度: [========================================          ] 10166272/12401968 字节
下载进度: [=========================================         ] 10174464/12401968 字节
下载进度: [=========================================         ] 10182656/12401968 字节
下载进度: [=========================================         ] 10190848/12401968 字节
下载进度: [=========================================         ] 10199040/12401968 字节
下载进度: [=========================================         ] 10207232/12401968 字节
下载进度: [=========================================         ] 10215424/12401968 字节
下载进度: [=========================================         ] 10223616/12401968 字节
下载进度: [=========================================         ] 10231808/12401968 字节
下载进度: [=========================================         ] 10240000/12401968 字节
下载进度: [=========================================         ] 10248192/12401968 字节
下载进度: [=========================================         ] 10256384/12401968 字节
下载进度: [=========================================         ] 10264576/12401968 字节
下载进度: [=========================================         ] 10272768/12401968 字节
下载进度: [=========================================         ] 10280960/12401968 字节
下载进度: [=========================================         ] 10289152/12401968 字节
下载进度: [=========================================         ] 10297344/12401968 字节
下载进度: [=========================================         ] 10305536/12401968 字节
下载进度: [=========================================         ] 10313728/12401968 字节
下载进度: [=========================================         ] 10321920/12401968 字节
下载进度: [=========================================         ] 10330112/12401968 字节
下载进度: [=========================================         ] 10338304/12401968 字节
下载进度: [=========================================         ] 10346496/12401968 字节
下载进度: [=========================================         ] 10354688/12401968 字节
下载进度: [=========================================         ] 10362880/12401968 字节
下载进度: [=========================================         ] 10371072/12401968 字节
下载进度: [=========================================         ] 10379264/12401968 字节
下载进度: [=========================================         ] 10387456/12401968 字节
下载进度: [=========================================         ] 10395648/12401968 字节
下载进度: [=========================================         ] 10403840/12401968 字节
下载进度: [=========================================         ] 10412032/12401968 字节
下载进度: [==========================================        ] 10420224/12401968 字节
下载进度: [==========================================        ] 10428416/12401968 字节
下载进度: [==========================================        ] 10436608/12401968 字节
下载进度: [==========================================        ] 10444800/12401968 字节
下载进度: [==========================================        ] 10452992/12401968 字节
下载进度: [==========================================        ] 10461184/12401968 字节
下载进度: [==========================================        ] 10469376/12401968 字节
下载进度: [==========================================        ] 10477568/12401968 字节
下载进度: [==========================================        ] 10485760/12401968 字节
下载进度: [==========================================        ] 10493952/12401968 字节
下载进度: [==========================================        ] 10502144/12401968 字节
下载进度: [==========================================        ] 10510336/12401968 字节
下载进度: [==========================================        ] 10518528/12401968 字节
下载进度: [==========================================        ] 10526720/12401968 字节
下载进度: [==========================================        ] 10534912/12401968 字节
下载进度: [==========================================        ] 10543104/12401968 字节
下载进度: [==========================================        ] 10551296/12401968 字节
下载进度: [==========================================        ] 10559488/12401968 字节
下载进度: [==========================================        ] 10567680/12401968 字节
下载进度: [==========================================        ] 10575872/12401968 字节
下载进度: [==========================================        ] 10584064/12401968 字节
下载进度: [==========================================        ] 10592256/12401968 字节
下载进度: [==========================================        ] 10600448/12401968 字节
下载进度: [==========================================        ] 10608640/12401968 字节
下载进度: [==========================================        ] 10616832/12401968 字节
下载进度: [==========================================        ] 10625024/12401968 字节
下载进度: [==========================================        ] 10633216/12401968 字节
下载进度: [==========================================        ] 10641408/12401968 字节
下载进度: [==========================================        ] 10649600/12401968 字节
下载进度: [==========================================        ] 10657792/12401968 字节
下载进度: [===========================================       ] 10665984/12401968 字节
下载进度: [===========================================       ] 10674176/12401968 字节
下载进度: [===========================================       ] 10682368/12401968 字节
下载进度: [===========================================       ] 10690560/12401968 字节
下载进度: [===========================================       ] 10698752/12401968 字节
下载进度: [===========================================       ] 10706944/12401968 字节
下载进度: [===========================================       ] 10715136/12401968 字节
下载进度: [===========================================       ] 10723328/12401968 字节
下载进度: [===========================================       ] 10731520/12401968 字节
下载进度: [===========================================       ] 10739712/12401968 字节
下载进度: [===========================================       ] 10747904/12401968 字节
下载进度: [===========================================       ] 10756096/12401968 字节
下载进度: [===========================================       ] 10764288/12401968 字节
下载进度: [===========================================       ] 10772480/12401968 字节
下载进度: [===========================================       ] 10780672/12401968 字节
下载进度: [===========================================       ] 10788864/12401968 字节
下载进度: [===========================================       ] 10797056/12401968 字节
下载进度: [===========================================       ] 10805248/12401968 字节
下载进度: [===========================================       ] 10813440/12401968 字节
下载进度: [===========================================       ] 10821632/12401968 字节
下载进度: [===========================================       ] 10829824/12401968 字节
下载进度: [===========================================       ] 10838016/12401968 字节
下载进度: [===========================================       ] 10846208/12401968 字节
下载进度: [===========================================       ] 10854400/12401968 字节
下载进度: [===========================================       ] 10862592/12401968 字节
下载进度: [===========================================       ] 10870784/12401968 字节
下载进度: [===========================================       ] 10878976/12401968 字节
下载进度: [===========================================       ] 10887168/12401968 字节
下载进度: [===========================================       ] 10895360/12401968 字节
下载进度: [===========================================       ] 10903552/12401968 字节
下载进度: [===========================================       ] 10911744/12401968 字节
下载进度: [============================================      ] 10919936/12401968 字节
下载进度: [============================================      ] 10928128/12401968 字节
下载进度: [============================================      ] 10936320/12401968 字节
下载进度: [============================================      ] 10944512/12401968 字节
下载进度: [============================================      ] 10952704/12401968 字节
下载进度: [============================================      ] 10960896/12401968 字节
下载进度: [============================================      ] 10969088/12401968 字节
下载进度: [============================================      ] 10977280/12401968 字节
下载进度: [============================================      ] 10985472/12401968 字节
下载进度: [============================================      ] 10993664/12401968 字节
下载进度: [============================================      ] 11001856/12401968 字节
下载进度: [============================================      ] 11010048/12401968 字节
下载进度: [============================================      ] 11018240/12401968 字节
下载进度: [============================================      ] 11026432/12401968 字节
下载进度: [============================================      ] 11034624/12401968 字节
下载进度: [============================================      ] 11042816/12401968 字节
下载进度: [============================================      ] 11051008/12401968 字节
下载进度: [============================================      ] 11059200/12401968 字节
下载进度: [============================================      ] 11067392/12401968 字节
下载进度: [============================================      ] 11075584/12401968 字节
下载进度: [============================================      ] 11083776/12401968 字节
下载进度: [============================================      ] 11091968/12401968 字节
下载进度: [============================================      ] 11100160/12401968 字节
下载进度: [============================================      ] 11108352/12401968 字节
下载进度: [============================================      ] 11116544/12401968 字节
下载进度: [============================================      ] 11124736/12401968 字节
下载进度: [============================================      ] 11132928/12401968 字节
下载进度: [============================================      ] 11141120/12401968 字节
下载进度: [============================================      ] 11149312/12401968 字节
下载进度: [============================================      ] 11157504/12401968 字节
下载进度: [=============================================     ] 11165696/12401968 字节
下载进度: [=============================================     ] 11173888/12401968 字节
下载进度: [=============================================     ] 11182080/12401968 字节
下载进度: [=============================================     ] 11190272/12401968 字节
下载进度: [=============================================     ] 11198464/12401968 字节
下载进度: [=============================================     ] 11206656/12401968 字节
下载进度: [=============================================     ] 11214848/12401968 字节
下载进度: [=============================================     ] 11223040/12401968 字节
下载进度: [=============================================     ] 11231232/12401968 字节
下载进度: [=============================================     ] 11239424/12401968 字节
下载进度: [=============================================     ] 11247616/12401968 字节
下载进度: [=============================================     ] 11255808/12401968 字节
下载进度: [=============================================     ] 11264000/12401968 字节
下载进度: [=============================================     ] 11272192/12401968 字节
下载进度: [=============================================     ] 11280384/12401968 字节
下载进度: [=============================================     ] 11288576/12401968 字节
下载进度: [=============================================     ] 11296768/12401968 字节
下载进度: [=============================================     ] 11304960/12401968 字节
下载进度: [=============================================     ] 11313152/12401968 字节
下载进度: [=============================================     ] 11321344/12401968 字节
下载进度: [=============================================     ] 11329536/12401968 字节
下载进度: [=============================================     ] 11337728/12401968 字节
下载进度: [=============================================     ] 11345920/12401968 字节
下载进度: [=============================================     ] 11354112/12401968 字节
下载进度: [=============================================     ] 11362304/12401968 字节
下载进度: [=============================================     ] 11370496/12401968 字节
下载进度: [=============================================     ] 11378688/12401968 字节
下载进度: [=============================================     ] 11386880/12401968 字节
下载进度: [=============================================     ] 11395072/12401968 字节
下载进度: [=============================================     ] 11403264/12401968 字节
下载进度: [==============================================    ] 11411456/12401968 字节
下载进度: [==============================================    ] 11419648/12401968 字节
下载进度: [==============================================    ] 11427840/12401968 字节
下载进度: [==============================================    ] 11436032/12401968 字节
下载进度: [==============================================    ] 11444224/12401968 字节
下载进度: [==============================================    ] 11452416/12401968 字节
下载进度: [==============================================    ] 11460608/12401968 字节
下载进度: [==============================================    ] 11468800/12401968 字节
下载进度: [==============================================    ] 11476992/12401968 字节
下载进度: [==============================================    ] 11485184/12401968 字节
下载进度: [==============================================    ] 11493376/12401968 字节
下载进度: [==============================================    ] 11501568/12401968 字节
下载进度: [==============================================    ] 11509760/12401968 字节
下载进度: [==============================================    ] 11517952/12401968 字节
下载进度: [==============================================    ] 11526144/12401968 字节
下载进度: [==============================================    ] 11534336/12401968 字节
下载进度: [==============================================    ] 11542528/12401968 字节
下载进度: [==============================================    ] 11550720/12401968 字节
下载进度: [==============================================    ] 11558912/12401968 字节
下载进度: [==============================================    ] 11567104/12401968 字节
下载进度: [==============================================    ] 11575296/12401968 字节
下载进度: [==============================================    ] 11583488/12401968 字节
下载进度: [==============================================    ] 11591680/12401968 字节
下载进度: [==============================================    ] 11599872/12401968 字节
下载进度: [==============================================    ] 11608064/12401968 字节
下载进度: [==============================================    ] 11616256/12401968 字节
下载进度: [==============================================    ] 11624448/12401968 字节
下载进度: [==============================================    ] 11632640/12401968 字节
下载进度: [==============================================    ] 11640832/12401968 字节
下载进度: [==============================================    ] 11649024/12401968 字节
下载进度: [==============================================    ] 11657216/12401968 字节
下载进度: [===============================================   ] 11665408/12401968 字节
下载进度: [===============================================   ] 11673600/12401968 字节
下载进度: [===============================================   ] 11681792/12401968 字节
下载进度: [===============================================   ] 11689984/12401968 字节
下载进度: [===============================================   ] 11698176/12401968 字节
下载进度: [===============================================   ] 11706368/12401968 字节
下载进度: [===============================================   ] 11714560/12401968 字节
下载进度: [===============================================   ] 11722752/12401968 字节
下载进度: [===============================================   ] 11730944/12401968 字节
下载进度: [===============================================   ] 11739136/12401968 字节
下载进度: [===============================================   ] 11747328/12401968 字节
下载进度: [===============================================   ] 11755520/12401968 字节
下载进度: [===============================================   ] 11763712/12401968 字节
下载进度: [===============================================   ] 11771904/12401968 字节
下载进度: [===============================================   ] 11780096/12401968 字节
下载进度: [===============================================   ] 11788288/12401968 字节
下载进度: [===============================================   ] 11796480/12401968 字节
下载进度: [===============================================   ] 11804672/12401968 字节
下载进度: [===============================================   ] 11812864/12401968 字节
下载进度: [===============================================   ] 11821056/12401968 字节
下载进度: [===============================================   ] 11829248/12401968 字节
下载进度: [===============================================   ] 11837440/12401968 字节
下载进度: [===============================================   ] 11845632/12401968 字节
下载进度: [===============================================   ] 11853824/12401968 字节
下载进度: [===============================================   ] 11862016/12401968 字节
下载进度: [===============================================   ] 11870208/12401968 字节
下载进度: [===============================================   ] 11878400/12401968 字节
下载进度: [===============================================   ] 11886592/12401968 字节
下载进度: [===============================================   ] 11894784/12401968 字节
下载进度: [===============================================   ] 11902976/12401968 字节
下载进度: [================================================  ] 11911168/12401968 字节
下载进度: [================================================  ] 11919360/12401968 字节
下载进度: [================================================  ] 11927552/12401968 字节
下载进度: [================================================  ] 11935744/12401968 字节
下载进度: [================================================  ] 11943936/12401968 字节
下载进度: [================================================  ] 11952128/12401968 字节
下载进度: [================================================  ] 11960320/12401968 字节
下载进度: [================================================  ] 11968512/12401968 字节
下载进度: [================================================  ] 11976704/12401968 字节
下载进度: [================================================  ] 11984896/12401968 字节
下载进度: [================================================  ] 11993088/12401968 字节
下载进度: [================================================  ] 12001280/12401968 字节
下载进度: [================================================  ] 12009472/12401968 字节
下载进度: [================================================  ] 12017664/12401968 字节
下载进度: [================================================  ] 12025856/12401968 字节
下载进度: [================================================  ] 12034048/12401968 字节
下载进度: [================================================  ] 12042240/12401968 字节
下载进度: [================================================  ] 12050432/12401968 字节
下载进度: [================================================  ] 12058624/12401968 字节
下载进度: [================================================  ] 12066816/12401968 字节
下载进度: [================================================  ] 12075008/12401968 字节
下载进度: [================================================  ] 12083200/12401968 字节
下载进度: [================================================  ] 12091392/12401968 字节
下载进度: [================================================  ] 12099584/12401968 字节
下载进度: [================================================  ] 12107776/12401968 字节
下载进度: [================================================  ] 12115968/12401968 字节
下载进度: [================================================  ] 12124160/12401968 字节
下载进度: [================================================  ] 12132352/12401968 字节
下载进度: [================================================  ] 12140544/12401968 字节
下载进度: [================================================  ] 12148736/12401968 字节
下载进度: [================================================= ] 12156928/12401968 字节
下载进度: [================================================= ] 12165120/12401968 字节
下载进度: [================================================= ] 12173312/12401968 字节
下载进度: [================================================= ] 12181504/12401968 字节
下载进度: [================================================= ] 12189696/12401968 字节
下载进度: [================================================= ] 12197888/12401968 字节
下载进度: [================================================= ] 12206080/12401968 字节
下载进度: [================================================= ] 12214272/12401968 字节
下载进度: [================================================= ] 12222464/12401968 字节
下载进度: [================================================= ] 12230656/12401968 字节
下载进度: [================================================= ] 12238848/12401968 字节
下载进度: [================================================= ] 12247040/12401968 字节
下载进度: [================================================= ] 12255232/12401968 字节
下载进度: [================================================= ] 12263424/12401968 字节
下载进度: [================================================= ] 12271616/12401968 字节
下载进度: [================================================= ] 12279808/12401968 字节
下载进度: [================================================= ] 12288000/12401968 字节
下载进度: [================================================= ] 12296192/12401968 字节
下载进度: [================================================= ] 12304384/12401968 字节
下载进度: [================================================= ] 12312576/12401968 字节
下载进度: [================================================= ] 12320768/12401968 字节
下载进度: [================================================= ] 12328960/12401968 字节
下载进度: [================================================= ] 12337152/12401968 字节
下载进度: [================================================= ] 12345344/12401968 字节
下载进度: [================================================= ] 12353536/12401968 字节
下载进度: [================================================= ] 12361728/12401968 字节
下载进度: [================================================= ] 12369920/12401968 字节
下载进度: [================================================= ] 12378112/12401968 字节
下载进度: [================================================= ] 12386304/12401968 字节
下载进度: [================================================= ] 12394496/12401968 字节
下载进度: [==================================================] 12401968/12401968 字节
下载完成!
正在解压缩 baixing_seo_20250304_220427/baixing_seo.tar.gz 到 baixing_seo_20250304_220427/extracted...
解压缩完成!
正在查找包含'baidu'的行...
查找完成! 找到的结果已保存到 baixing_seo_20250304_220427/baidu_results.txt (大小: 15803965 字节)
正在将 baixing_seo_20250304_220427/baidu_results.txt 转换为Excel格式...
获取到 367 个有效城市
转换完成! Excel文件已保存为 baixing_seo_20250304_220427/baidu_results.xlsx
同时在当前目录保存了一份副本: 03_04_21_result.xlsx

所有任务完成! 结果保存在目录: baixing_seo_20250304_220427
Excel文件路径: baixing_seo_20250304_220427/baidu_results.xlsx

2025-03-04 22:05:01,118 - INFO - 当前目录文件列表:
2025-03-04 22:05:01,118 - INFO - - 03_04_21_result.xlsx (修改时间: 2025-03-04 22:04:55.735395)
2025-03-04 22:05:01,118 - INFO - - 03_04_16_result.xlsx (修改时间: 2025-03-04 19:17:39.151230)
2025-03-04 22:05:01,119 - INFO - - 03_04_15_result.xlsx (修改时间: 2025-03-04 19:16:07.854274)
2025-03-04 22:05:01,119 - INFO - - result_analyze.xlsx (修改时间: 2025-03-04 21:57:38.113837)
2025-03-04 22:05:01,119 - INFO - - 03_04_19_result.xlsx (修改时间: 2025-03-04 21:05:21.487056)
2025-03-04 22:05:01,119 - INFO - - 03_04_17_result.xlsx (修改时间: 2025-03-04 19:19:28.705642)
2025-03-04 22:05:01,119 - INFO - - 03_04_20_result.xlsx (修改时间: 2025-03-04 21:59:24.837301)
2025-03-04 22:05:01,119 - INFO - - 03_04_18_result.xlsx (修改时间: 2025-03-04 19:43:20.706643)
2025-03-04 22:05:01,120 - INFO - 找到最新的Excel文件: 03_04_21_result.xlsx
2025-03-04 22:05:01,120 - INFO - 更新RESULT_FILE为: 03_04_21_result.xlsx
2025-03-04 22:05:01,122 - INFO - 开始执行 process_ad_exist.py
2025-03-04 22:17:43,015 - INFO - process_ad_exist.py 执行成功
2025-03-04 22:17:43,017 - INFO - 输出: 正在读取数据文件...
找到 3373 条需要处理的记录
1030081132.0 no
1417278742.0 no
1361209761.0 no
730447829.0 no
2492258171.0 no
385423464.0 no
2454168961.0 no
1939798501.0 no
1753860418.0 no
498530244.0 no
1621832154.0 no
2481847665.0 no
2296303442.0 no
491624563.0 no
1806479262.0 no
2310996961.0 no
2310106540.0 yes
546963976.0 no
2115270047.0 no
2529187132.0 no
503163122.0 no
2431010733.0 no
1491854725.0 no
1391720487.0 no
2561457517.0 no
1396626990.0 no
529776148.0 no
1821438604.0 no
383550517.0 no
528003240.0 no
1078655396.0 no
1685868885.0 no
2529195862.0 no
1090069754.0 no
735953794.0 no
1199601933.0 no
1828357854.0 no
2107050780.0 no
1305658208.0 no
634767052.0 no
709823684.0 no
2357431755.0 no
1772340929.0 no
1014094491.0 no
2448484212.0 no
2565802949.0 no
406307390.0 no
2527972438.0 no
1722223653.0 no
2294497199.0 yes
保存批次 1 的处理结果...
1886215551.0 no
1448975342.0 no
2446109457.0 no
1335239020.0 no
581473989.0 no
575095530.0 no
712065091.0 no
2546656996.0 no
1368910802.0 no
825115984.0 no
2446273651.0 no
1322052904.0 no
1090382474.0 no
2417675911.0 no
2446152584.0 no
441682985.0 no
1388476014.0 no
1045046186.0 no
2268139718.0 yes
1345510110.0 no
1453909599.0 no
1208230297.0 no
1491780576.0 no
2616837073.0 no
667733146.0 no
2446031610.0 no
1000428038.0 no
1511644600.0 no
1422858430.0 no
1403772391.0 no
1753592222.0 no
2140345852.0 no
452333352.0 no
1328065196.0 no
1470960037.0 no
1388863992.0 no
672404577.0 no
1469491168.0 no
2450579268.0 no
1325875062.0 no
1423522320.0 no
2492371169.0 no
2493536763.0 no
542153011.0 no
1888706505.0 no
1308330700.0 no
1056873426.0 no
2494052128.0 no
2551329000.0 no
2205063617.0 no
保存批次 2 的处理结果...
400052768.0 no
1929870159.0 no
920902840.0 no
472319375.0 no
2528669123.0 no
628214143.0 no
1066438059.0 no
2037314167.0 no
1165181321.0 no
2390735407.0 no
1625394165.0 no
1652300850.0 no
2415692140.0 no
1614927216.0 no
902614545.0 no
1663201563.0 no
1327273478.0 no
1633079864.0 no
668942784.0 no
1632257431.0 no
723271014.0 no
907742353.0 no
1681082332.0 no
2388026195.0 no
918274228.0 no
947998701.0 no
1366659139.0 no
287991544.0 no
280646256.0 no
2400557771.0 no
2280459677.0 no
1686872415.0 no
1001559626.0 no
404266396.0 no
1177791250.0 no
2313454227.0 yes
2452881738.0 no
1719465702.0 no
2036225827.0 no
974036104.0 no
2579426469.0 no
390890428.0 no
454508531.0 no
1933920335.0 no
1000504680.0 no
258037127.0 no
2048746079.0 no
2093338658.0 no
1472206000.0 no
2302263654.0 yes
保存批次 3 的处理结果...
612230060.0 no
1699893857.0 no
515981084.0 no
2476308286.0 no
1954224974.0 no
1404821132.0 no
2287892297.0 yes
1326573109.0 no
2544442410.0 no
1349932103.0 no
379704758.0 no
2315328632.0 yes
1924029591.0 no
1469437208.0 no
805018009.0 no
810790042.0 no
2302491856.0 no
1416290587.0 no
1445773930.0 no
2393602737.0 no
489202055.0 no
1362978212.0 no
1951224153.0 no
1069705338.0 no
1130829659.0 no
2376742421.0 no
1427413949.0 no
1972747842.0 no
2443171401.0 no
2297778825.0 no
508716067.0 no
2437667085.0 no
472524685.0 no
999496210.0 no
2383825513.0 no
1389649505.0 no
2587006745.0 no
2486452134.0 no
2506789938.0 no
999177497.0 no
2635368276.0 no
1380166050.0 no
474891225.0 no
2322222815.0 yes
582673625.0 no
1185103699.0 no
1434640798.0 no
2635752770.0 no
488033908.0 no
2586167665.0 no
保存批次 4 的处理结果...
2322164062.0 no
609145444.0 no
1830932208.0 no
559769355.0 no
525673907.0 no
1347837714.0 no
1416269527.0 no
882996903.0 no
2058357367.0 no
1001084423.0 no
2332838144.0 no
2491744693.0 no
730902643.0 no
585956551.0 no
375351910.0 no
1102017067.0 no
1451634129.0 no
2004323974.0 no
510485410.0 no
784352824.0 no
546920325.0 no
2329898918.0 no
2129727124.0 no
363943597.0 no
740354176.0 no
376837058.0 no
1853564203.0 no
527052746.0 no
709193699.0 no
1319623788.0 no
1805647175.0 no
1795842981.0 no
2035586885.0 no
2035959415.0 no
2635938587.0 yes
1836288929.0 no
2037169059.0 no
580136841.0 no
2494853154.0 no
690755847.0 no
460995728.0 no
1073624987.0 no
1300775872.0 no
569583920.0 no
2444020851.0 no
681650649.0 no
410873554.0 no
2261298267.0 yes
2035776260.0 no
1664136806.0 no
保存批次 5 的处理结果...
1816195552.0 no
651769041.0 no
2242665393.0 no
1689266911.0 no
1631859233.0 no
781964509.0 no
2445465815.0 no
2445650500.0 no
2446420922.0 no
545882537.0 no
1982950161.0 no
2320245683.0 yes
2446223910.0 no
547647555.0 no
2635733656.0 no
1013956820.0 no
1624824343.0 no
1041916421.0 no
2567159842.0 no
1850427729.0 no
2474308251.0 no
2419259553.0 no
2175246865.0 no
2546794101.0 no
1283412387.0 no
1200188523.0 no
2283184777.0 no
1468600597.0 no
1468906763.0 no
2452249892.0 no
2427291553.0 no
2610222145.0 no
1446699629.0 no
1469579366.0 no
667825965.0 no
1338009736.0 no
2342362634.0 no
1430014525.0 no
881819151.0 no
1826435180.0 no
1011430379.0 no
1058751833.0 no
2308127072.0 yes
869388215.0 no
493272905.0 no
2460420118.0 no
1461333542.0 no
835918551.0 no
555706336.0 no
1018832976.0 no
保存批次 6 的处理结果...
2529200883.0 no
687035427.0 no
2529206586.0 no
556961551.0 no
2529213357.0 no
2426842363.0 no
510489622.0 no
2256859346.0 yes
2465134209.0 no
618726969.0 no
622520431.0 no
1094679860.0 no
2117827175.0 no
1447240373.0 no
494054123.0 no
1033337511.0 no
2405395664.0 yes
2349649074.0 no
2021217179.0 no
704252421.0 no
2129428776.0 no
2116783593.0 no
629007813.0 no
875644581.0 no
1314042914.0 no
587437836.0 no
1813213410.0 no
2121961914.0 no
2535471564.0 no
583369639.0 no
2222208773.0 no
1180973350.0 no
626549237.0 no
1338635411.0 no
699829666.0 no
2314856734.0 yes
2452532028.0 no
2493723647.0 no
817845764.0 no
490856604.0 no
2134299689.0 no
2528921567.0 no
2480238866.0 no
766490610.0 no
2566489782.0 no
1463977223.0 no
659075750.0 no
1654678813.0 no
2527156711.0 no
2536352224.0 no
保存批次 7 的处理结果...
2480998553.0 no
2621999329.0 no
1890635668.0 no
575183620.0 no
2473335100.0 no
1612479682.0 no
596144520.0 no
320846371.0 no
1297520184.0 no
1624582897.0 no
1470823611.0 no
917663824.0 no
1291158672.0 no
2565418527.0 no
1445385432.0 no
915925666.0 no
1064019626.0 no
1623376236.0 no
1422689247.0 no
318717674.0 no
2525252124.0 no
2526051467.0 no
706388783.0 no
1517742634.0 no
1612067571.0 no
2468662765.0 no
1136859828.0 no
2485778519.0 no
1605747786.0 no
1377934867.0 no
1450867174.0 no
613820512.0 no
993688037.0 no
1636952874.0 no
1649184026.0 no
737600717.0 no
1290899569.0 no
1417019585.0 no
690639933.0 no
1972374527.0 no
912628107.0 no
639739522.0 no
1817729922.0 yes
2150227711.0 no
2037907549.0 no
1273218049.0 no
2037893642.0 no
1472749070.0 no
1006660450.0 no
2526946752.0 no
保存批次 8 的处理结果...
1605207630.0 no
1449409640.0 no
819103480.0 no
1651148015.0 no
622106225.0 no
2448977528.0 no
2298044172.0 yes
488542678.0 no
1099741556.0 no
1820691365.0 no
1469320133.0 no
597437622.0 no
2009278255.0 no
1020615815.0 no
2636109803.0 yes
1380884334.0 no
2380270711.0 no
1015888919.0 no
2273724714.0 no
712499470.0 no
2349665049.0 no
368574535.0 no
1320442288.0 no
1469305730.0 no
1601479603.0 no
478779174.0 no
1052504364.0 no
2554539876.0 no
374991780.0 no
839481825.0 no
1079920430.0 no
374600753.0 no
1933936644.0 no
2526665197.0 no
2259491725.0 no
1990560805.0 no
511658614.0 no
1485594183.0 no
2288894799.0 yes
987786987.0 no
647812846.0 no
1021803358.0 no
527201211.0 no
2301257944.0 yes
615617902.0 no
1795842716.0 no
1716295191.0 no
474025032.0 no
2284892730.0 no
401722652.0 no
保存批次 9 的处理结果...
308217278.0 no
1297293156.0 no
2443118735.0 yes
2581439894.0 no
1303539061.0 no
889074065.0 no
1060213744.0 no
2312493351.0 yes
1076204191.0 no
1735026718.0 no
615002116.0 no
1707072897.0 no
918557389.0 no
847169353.0 no
1626063366.0 no
359470878.0 no
1703454941.0 no
603756047.0 no
521325871.0 no
2314269866.0 no
2350268100.0 no
2488776543.0 no
1795697272.0 no
1299679369.0 no
2537874990.0 no
995821346.0 no
509257539.0 no
2316907285.0 yes
568867731.0 no
916821637.0 no
1423398884.0 no
858268080.0 no
535925280.0 no
2446111576.0 no
2446394121.0 no
1338381310.0 no
2446529477.0 no
2446202679.0 no
854035296.0 no
1408327976.0 no
1262238054.0 no
2298035942.0 no
852472868.0 no
1085537605.0 no
1277545967.0 no
1326078875.0 no
1045238343.0 no
1479130836.0 no
543218432.0 no
2292200612.0 no
保存批次 10 的处理结果...
1141055261.0 no
1439675050.0 no
1022213317.0 no
1126402833.0 no
1455415511.0 no
2433926362.0 yes
891466461.0 no
2280894452.0 yes
2326954262.0 yes
2363509510.0 no
1090290929.0 no
2036462434.0 no
1275575331.0 no
1111221220.0 no
1649179701.0 no
529935338.0 no
1605704705.0 no
2301983737.0 yes
2436263062.0 no
2394831119.0 no
2119621064.0 no
1468544124.0 no
2313727542.0 yes
2037869480.0 no
749311443.0 no
1085727815.0 no
2544618007.0 no
2101410078.0 no
1603460676.0 no
425097541.0 no
883390013.0 no
2037892640.0 no
1469832917.0 no
1087180214.0 no
1963419886.0 no
951791909.0 no
1654307459.0 no
394172950.0 no
1798739885.0 no
1446496463.0 no
994842161.0 no
712489365.0 no
553083552.0 no
2569422064.0 no
1032433672.0 no
879022989.0 no
2290189418.0 yes
1047391475.0 no
1340614544.0 no
1754146364.0 no
保存批次 11 的处理结果...
480409911.0 no
2457645605.0 no
1689959610.0 no
451750273.0 no
2529229739.0 no
1030609242.0 no
1755260668.0 no
2038153071.0 no
1674367674.0 no
1398426199.0 no
896079724.0 no
2033182490.0 no
506906800.0 no
2630273459.0 yes
2110727966.0 no
1256318762.0 no
1647018993.0 no
2636148970.0 no
388751792.0 no
2635942271.0 yes
313553144.0 no
1329712735.0 no
1290144098.0 no
1748877192.0 no
1712470698.0 no
2325876519.0 no
1256770408.0 no
397439775.0 no
1296498841.0 no
1136014644.0 no
1375901914.0 no
1626547386.0 no
1626026379.0 no
2309988622.0 yes
978144932.0 no
1626331505.0 no
2577333558.0 no
2455316827.0 no
2435826147.0 no
720568262.0 no
433261633.0 no
2410662908.0 no
1642077033.0 no
1703842428.0 no
1121000697.0 no
2500782390.0 no
658771589.0 no
679909490.0 no
760808567.0 no
2491998159.0 no
保存批次 12 的处理结果...
591347467.0 no
1752044901.0 no
1109304394.0 no
396852076.0 no
1639459535.0 no
1059319835.0 no
1954756103.0 no
698420060.0 no
921662538.0 no
569164584.0 no
2433708955.0 no
550928447.0 no
620115920.0 no
2529207480.0 no
747044176.0 no
799567285.0 no
915897709.0 no
2300469567.0 no
540839460.0 no
375619270.0 no
2529208022.0 no
480732612.0 no
790163397.0 no
2550071360.0 no
565905337.0 no
2309373321.0 yes
1852975153.0 no
1776176099.0 no
1054472731.0 no
2437862013.0 no
1179787411.0 no
1451618171.0 no
1139054339.0 no
2529200495.0 no
2471590321.0 no
681454884.0 no
2139847149.0 no
2493112171.0 no
2493645669.0 no
373940933.0 no
1455823218.0 no
2491901516.0 no
2593131907.0 no
2398275055.0 no
2567361605.0 no
1045196809.0 no
2368750131.0 no
613881937.0 no
1188430576.0 no
417165819.0 no
保存批次 13 的处理结果...
2581554524.0 no
2453750281.0 no
2493516532.0 no
515129271.0 no
2635759368.0 yes
1499388882.0 no
1004998499.0 no
1761314547.0 no
706567728.0 no
1355209014.0 no
1011932587.0 no
2138296543.0 no
514503510.0 no
2447515135.0 no
2139364671.0 no
2113129748.0 no
1332087037.0 no
751368804.0 no
2138486862.0 no
1004439957.0 no
2471237017.0 yes
1824546111.0 no
2487695894.0 no
522519373.0 no
647829782.0 no
1469071045.0 no
654510877.0 no
1659385090.0 no
1413879150.0 no
606081613.0 no
1470374361.0 no
572139849.0 no
2251602497.0 no
861946787.0 no
1138410572.0 no
1682887743.0 no
1308735950.0 no
1997625494.0 no
1454201147.0 no
2486698735.0 no
2480554056.0 no
323941832.0 no
2036213192.0 no
1665683508.0 no
2037553795.0 no
1651097930.0 no
1897708844.0 no
2408514268.0 no
381330183.0 no
448470225.0 no
保存批次 14 的处理结果...
2307433093.0 no
1626679282.0 no
1638757111.0 no
1434701134.0 no
2620633950.0 no
1626563058.0 no
722113708.0 no
1640327676.0 no
1626552240.0 no
2298020954.0 no
1611060972.0 no
709914086.0 no
1380228669.0 no
691955786.0 no
449071632.0 no
1399321562.0 no
2446349189.0 no
1039573376.0 no
1629739355.0 no
809909949.0 no
2446165719.0 no
2343212283.0 no
1211538075.0 no
2397112821.0 no
2288785155.0 yes
2446372936.0 no
679076490.0 no
1080434186.0 no
1819097072.0 no
2494098757.0 yes
538767089.0 no
2314270226.0 no
2538251627.0 no
2446559535.0 no
1033500479.0 no
1779372210.0 no
1313170268.0 no
1041315621.0 no
331066829.0 no
2529585928.0 no
2463928688.0 no
903293981.0 no
1459990751.0 no
2334631719.0 no
1063709289.0 no
331640792.0 no
2533149548.0 no
1621601318.0 no
1259786098.0 no
823378403.0 no
保存批次 15 的处理结果...
771484933.0 no
1782465685.0 no
2278898577.0 no
1603552717.0 no
822412453.0 no
505328325.0 no
2153850474.0 no
2007706041.0 no
2542360265.0 no
1447370884.0 no
508147931.0 no
809290666.0 no
1604196553.0 no
2315856560.0 yes
2504544771.0 no
761133661.0 no
501907472.0 no
2287441829.0 yes
1193179576.0 no
974889590.0 no
607078117.0 no
310286498.0 no
456984794.0 no
2014124644.0 no
1438670861.0 no
704629417.0 no
1039026706.0 no
2403369114.0 no
2197042907.0 no
694051113.0 no
2506519690.0 no
2483750039.0 no
874797653.0 no
448369363.0 no
1030813264.0 no
1043750946.0 no
2624208566.0 no
2292178134.0 yes
1068229841.0 no
1335752223.0 no
1213404907.0 no
1421409341.0 no
2458925660.0 no
1063608948.0 no
924646092.0 no
430325436.0 no
588881620.0 no
2038273159.0 no
623532352.0 no
2208463018.0 no
保存批次 16 的处理结果...
2037779761.0 no
2251923104.0 no
1341396566.0 no
374986924.0 no
1238837607.0 no
326415863.0 no
2326142898.0 no
1878131382.0 no
2188366637.0 no
502394445.0 no
312914099.0 no
1001974125.0 no
2221457295.0 no
2636154501.0 yes
703854051.0 no
1298980339.0 no
1417042470.0 no
555792675.0 no
2280743367.0 no
1069527104.0 no
439885413.0 no
2085372382.0 no
1615686078.0 no
2036176238.0 no
523362660.0 no
1501739141.0 no
1072836437.0 no
697470681.0 no
580482161.0 no
881112329.0 no
695955985.0 no
1363508878.0 no
2423216109.0 no
1982227693.0 no
1115944122.0 no
2304572281.0 no
2404005395.0 no
1450892774.0 no
1506322070.0 no
1750717305.0 no
1732013798.0 no
533538431.0 no
381327548.0 no
1607845937.0 no
445307942.0 no
2635945158.0 no
1004622880.0 no
536695211.0 no
436863442.0 no
601669805.0 no
保存批次 17 的处理结果...
385569064.0 no
475258568.0 no
2294417160.0 no
1011235525.0 no
1446629723.0 no
1457494964.0 no
1332430404.0 no
1816047865.0 no
2443028305.0 no
2284677073.0 no
1626547893.0 no
529382269.0 no
2380513490.0 no
1839755761.0 no
763563502.0 no
2108427954.0 no
2452903606.0 no
1631886020.0 no
797716198.0 no
1399289481.0 no
1096431876.0 no
1472843314.0 no
879019918.0 no
2528446419.0 no
1626563307.0 no
2529242795.0 no
1466008155.0 no
1044838546.0 no
628868273.0 no
1947117829.0 no
1347690700.0 no
1108115782.0 no
2207484386.0 no
2529226548.0 no
2040297527.0 no
1047273953.0 no
2529223694.0 no
482650033.0 no
886485690.0 no
2494029795.0 no
461359429.0 no
2619742234.0 no
566091361.0 no
2492861429.0 no
1468601099.0 no
1468601390.0 no
1611493586.0 no
2527892347.0 no
2494419343.0 no
2493639744.0 no
保存批次 18 的处理结果...
367712377.0 no
594242241.0 no
2445585548.0 no
516156703.0 no
2279744349.0 yes
1266511964.0 no
2444971670.0 no
2389893991.0 no
2432091289.0 no
1328051067.0 no
1461588364.0 no
1073834160.0 no
2581367059.0 no
558135798.0 no
1689498711.0 no
2446459541.0 no
1818528864.0 no
324195456.0 no
1032545142.0 no
1816176899.0 no
2446116994.0 no
2443206951.0 no
1069425381.0 no
831599061.0 no
1421656213.0 no
1263611508.0 no
2435217664.0 no
2300644472.0 yes
1080790382.0 yes
1420978712.0 no
2037628836.0 no
537835326.0 no
357850347.0 no
1750132264.0 no
1681426436.0 no
1447246003.0 no
787644119.0 no
1237434424.0 no
1722950554.0 no
685707943.0 no
2037337928.0 no
437251996.0 no
1822484438.0 no
1063371304.0 no
773902008.0 no
1812011128.0 no
1682283465.0 no
1130323334.0 no
1625716512.0 no
2240593314.0 no
保存批次 19 的处理结果...
1768281357.0 no
1440689559.0 no
2037821705.0 no
1459935404.0 no
1693411992.0 no
2475655762.0 no
1427542761.0 no
812822100.0 no
2402126107.0 no
837083080.0 no
1322176477.0 no
1690992792.0 no
1044427420.0 no
2234090069.0 no
2080085130.0 no
820610620.0 no
395901805.0 no
1975330365.0 no
1159456523.0 no
1457160339.0 no
1007073246.0 no
503692183.0 no
2541788045.0 no
2067733430.0 no
1185640973.0 no
1627298936.0 no
2294257393.0 yes
1000016104.0 no
2444648017.0 no
1334989296.0 no
588255036.0 no
1074299831.0 no
2513076091.0 no
474105882.0 no
2143115227.0 no
1472825335.0 no
2621575907.0 no
1670722059.0 no
848105086.0 no
1635212662.0 no
2298155642.0 no
2332905908.0 no
601438761.0 no
1087905947.0 no
683796225.0 no
1001427373.0 no
920136673.0 no
686000992.0 no
946716192.0 no
1975269103.0 no
保存批次 20 的处理结果...
2389592280.0 no
866163784.0 no
445333435.0 no
603760287.0 no
448619591.0 no
389602307.0 no
700307408.0 no
1180564187.0 no
622490518.0 no
455962159.0 no
1632426005.0 no
788540123.0 no
1155154436.0 no
622934088.0 no
1743970187.0 no
344130098.0 no
1774842549.0 no
1818778557.0 no
1940902517.0 no
1729606583.0 no
1664928148.0 no
2512382555.0 no
2308045942.0 no
1684731782.0 no
1340820240.0 no
2271258740.0 yes
746984193.0 no
1469282897.0 no
1818563411.0 no
1468592577.0 no
511495466.0 no
322604055.0 no
2275151208.0 yes
2325427626.0 yes
1011455157.0 no
635761649.0 no
529687696.0 no
511400674.0 no
1814816655.0 no
2425522228.0 no
2150530778.0 no
1049211955.0 no
2406992912.0 yes
479166337.0 no
2485258524.0 no
2187857696.0 no
1814594025.0 no
2590395141.0 no
505274455.0 no
1137377392.0 no
保存批次 21 的处理结果...
1451642041.0 no
1902933110.0 no
1695478880.0 no
2621632415.0 no
2186516905.0 no
2111711263.0 no
2621526126.0 no
1170458437.0 no
1448539702.0 no
2621639256.0 no
2528658885.0 no
2621635036.0 no
2194473577.0 no
735505476.0 no
1337714223.0 no
1933822465.0 no
366160365.0 no
508810431.0 no
1159824043.0 no
2621639041.0 no
1879719161.0 no
691594079.0 no
2621640645.0 no
2542828158.0 no
2621640180.0 no
2085737321.0 no
1712358114.0 no
2113008890.0 no
651588153.0 no
1756755441.0 no
798722325.0 no
1495006975.0 no
432304894.0 no
2178913941.0 no
1748208090.0 no
1854058310.0 no
2107108143.0 no
1977027264.0 no
2483701723.0 no
1430384820.0 no
1769266767.0 no
1355204176.0 no
1347932769.0 no
1972460360.0 no
645474532.0 no
1700122631.0 no
1865012724.0 no
1267937054.0 no
1462433020.0 no
1871500519.0 no
保存批次 22 的处理结果...
2083887975.0 no
2550571685.0 no
2039109354.0 no
2036301320.0 no
2452616595.0 no
894063687.0 no
1627296944.0 no
530465420.0 no
1729939310.0 no
1627302036.0 no
508065287.0 no
1783100619.0 no
437303896.0 no
2037647043.0 no
822555591.0 no
509973711.0 no
2467972828.0 no
1639355723.0 no
1740359836.0 no
718148496.0 no
2479516229.0 no
1767779353.0 no
1300859908.0 no
1376413615.0 no
2328009061.0 yes
1655439052.0 no
667261104.0 no
2480812803.0 no
304514639.0 no
720244730.0 no
842466871.0 no
2636046690.0 yes
2451542603.0 no
1073165121.0 no
2635779056.0 no
570774493.0 no
2282834109.0 no
1083598102.0 no
938414534.0 no
2068981996.0 no
1473342347.0 no
1807111342.0 no
1006536271.0 no
2532742537.0 no
638127597.0 no
1454618846.0 no
1760469443.0 no
2299448770.0 yes
1626554886.0 no
2366408265.0 no
保存批次 23 的处理结果...
1098471150.0 no
1625131112.0 no
2448619297.0 no
831254280.0 no
2613388093.0 no
598286344.0 no
1980845078.0 no
294124332.0 no
1869295552.0 no
2451346747.0 yes
680763347.0 no
2231260853.0 no
2017349986.0 no
2281544772.0 no
1621819215.0 no
2282238069.0 yes
2446304592.0 no
358944309.0 no
2429856474.0 no
2445862205.0 no
2446472175.0 no
2283261660.0 no
364355023.0 no
1458938626.0 no
2544313619.0 no
1849273043.0 no
1036454286.0 no
2446182396.0 no
2455710887.0 no
2419687515.0 no
1023376989.0 no
1428556678.0 no
2527692466.0 no
2529268788.0 no
2452193647.0 no
2534655496.0 no
2301380390.0 yes
2526937547.0 no
491914462.0 no
1635962833.0 no
1319735100.0 no
459897947.0 no
2529218732.0 no
955672249.0 no
564017553.0 no
2527646348.0 no
2529253908.0 no
2493369506.0 no
998127509.0 no
811534439.0 no
保存批次 24 的处理结果...
2478294838.0 no
2210082741.0 no
1680736695.0 no
1603491935.0 no
907528087.0 no
2159927641.0 no
1318956938.0 no
1822507761.0 no
1001004131.0 no
2526819189.0 no
2424709624.0 no
537776265.0 no
640848405.0 no
655873691.0 no
1311519254.0 no
1439135402.0 no
2472345084.0 no
2516614727.0 no
915514657.0 no
421065495.0 no
1698109568.0 no
541388497.0 no
1462585693.0 no
1398001546.0 no
1180331949.0 no
432074024.0 no
1627267079.0 no
854043323.0 no
2406114545.0 no
1972018943.0 no
1049127682.0 no
2428000761.0 no
386366413.0 no
2417296346.0 no
1063744030.0 no
435720565.0 no
824380562.0 no
763019997.0 no
2568882326.0 no
2415242284.0 no
2444579550.0 no
1327099516.0 no
522845613.0 no
1632132757.0 no
1340317281.0 no
2037577321.0 no
1443873644.0 no
435278082.0 no
1022675014.0 no
1889065325.0 no
保存批次 25 的处理结果...
344836443.0 no
2036134195.0 no
2037784455.0 no
336313186.0 no
1196911504.0 no
2450171901.0 no
784649061.0 no
588976600.0 no
566715169.0 no
2447844355.0 no
883133659.0 no
2037498075.0 no
2568209636.0 no
2226830222.0 no
1302974361.0 no
1350796240.0 no
503297107.0 no
668500322.0 no
1509674701.0 no
2381637986.0 no
532250761.0 no
2392603648.0 no
2164628920.0 no
1691564841.0 no
2091455871.0 no
2393712357.0 no
2300472352.0 no
1416430584.0 no
1894930188.0 no
2293274179.0 yes
1706685221.0 no
2448153060.0 no
708599494.0 no
1362751114.0 no
2123203300.0 no
375124865.0 no
1468565339.0 no
1060873441.0 no
619217390.0 no
2126634662.0 no
2121301704.0 no
362673641.0 no
2445224774.0 no
2579772174.0 no
2100975674.0 no
2536449719.0 no
2327342649.0 no
505065221.0 no
2547443823.0 no
1638128944.0 no
保存批次 26 的处理结果...
496951885.0 no
2450767643.0 no
821013963.0 no
1470392069.0 no
1389782041.0 no
2526982291.0 no
2361718497.0 no
1092856021.0 no
595629608.0 no
1627300126.0 no
1628516630.0 no
1437824263.0 no
1105234849.0 no
684115872.0 no
2153249427.0 no
405744606.0 no
1134224469.0 no
817000543.0 no
2279301908.0 no
865190938.0 no
952556806.0 no
471555559.0 no
1446600165.0 no
1348507931.0 no
485053131.0 no
1313677026.0 no
620826936.0 no
730601417.0 no
483138088.0 no
797201271.0 no
1255001007.0 no
2276788955.0 no
1019671570.0 no
1454906652.0 no
2251694148.0 no
1623781976.0 no
2218784532.0 no
391886595.0 no
1700626402.0 no
1032715996.0 no
924564209.0 no
2528332932.0 no
987086923.0 no
374829449.0 no
533657610.0 no
2446851108.0 no
1016967130.0 no
1377857067.0 no
473543215.0 no
2297624164.0 yes
保存批次 27 的处理结果...
2533594484.0 no
810071788.0 no
510800662.0 no
1497242064.0 no
2482855785.0 no
2491670238.0 no
1050562760.0 no
1417611669.0 no
2593364461.0 no
364250992.0 no
661686819.0 no
2484822127.0 no
434551307.0 no
575660045.0 no
764624317.0 no
1065948272.0 no
1120640488.0 no
2636042992.0 yes
665495456.0 no
690476260.0 no
1039221771.0 no
1331017336.0 no
818975696.0 no
764699747.0 no
1620576291.0 no
2636046988.0 no
2635821646.0 no
1826390284.0 no
2466203931.0 no
804867505.0 no
1640629985.0 no
1135315127.0 no
1452608233.0 no
2636520171.0 yes
1861670868.0 no
394506566.0 no
1061569006.0 no
1318702806.0 no
509833174.0 no
2187264757.0 no
432555219.0 no
605300274.0 no
1011898993.0 no
2446469560.0 no
2037559929.0 no
2115060823.0 no
1608631497.0 no
2445366431.0 no
2446469404.0 no
2446041937.0 no
保存批次 28 的处理结果...
1306846803.0 no
2636067284.0 no
1321956755.0 no
448946468.0 no
1071423402.0 no
1789782789.0 no
1814465236.0 no
1321985656.0 no
1816843763.0 no
315577381.0 no
2481361954.0 no
2353788298.0 no
2481669140.0 no
2298372831.0 no
384914673.0 no
1692445387.0 no
1627852793.0 no
429507179.0 no
984450567.0 no
615513082.0 no
1769365854.0 no
2346260429.0 yes
2534216943.0 no
402259641.0 no
1628330384.0 no
1450500959.0 no
1040100969.0 no
1627294883.0 no
936683669.0 no
1341698108.0 no
1145821036.0 no
1628103272.0 no
2295924857.0 no
1506069524.0 no
514502910.0 no
1899200695.0 no
1628177827.0 no
2297379246.0 yes
1936011334.0 no
452621754.0 no
389369873.0 no
1126068230.0 no
826090132.0 no
1050549071.0 no
1337816884.0 no
2307396242.0 no
1450872994.0 no
2438608976.0 no
2103940207.0 no
460144472.0 no
保存批次 29 的处理结果...
469899564.0 no
2502637501.0 no
842583992.0 no
1433661726.0 no
1119397146.0 no
1650640677.0 no
2492249890.0 no
1627225924.0 no
518247491.0 no
375068329.0 no
926724981.0 no
396091216.0 no
2535210577.0 no
1779604337.0 no
2611641057.0 no
426990632.0 no
1065435801.0 no
1350103700.0 no
2340244628.0 no
2494415839.0 no
1418328290.0 no
1379210088.0 no
2108197025.0 no
2493150375.0 no
2455052498.0 no
2529300559.0 no
687810126.0 no
1690153934.0 no
2267427554.0 no
2061307172.0 no
1099669555.0 no
999484676.0 no
2139963868.0 no
2529268616.0 no
1733888050.0 no
2558120222.0 no
2492035873.0 no
2491928323.0 no
1452073620.0 no
1753994648.0 no
2529260516.0 no
674994987.0 no
1343266452.0 no
1697602657.0 no
1940932680.0 no
2530784593.0 no
2469295683.0 no
501035476.0 no
1058652859.0 no
388548256.0 no
保存批次 30 的处理结果...
1995090775.0 no
2302980633.0 no
2529787338.0 no
725237204.0 no
2388531236.0 no
1434623306.0 no
375548796.0 no
1200949952.0 no
1036222478.0 no
1628885725.0 no
2269614264.0 yes
2569764423.0 no
1628477090.0 no
770466935.0 no
1095278944.0 no
2037808562.0 no
1212866854.0 no
296403622.0 no
388739365.0 no
798094312.0 no
2313374133.0 no
2635942167.0 yes
2011670640.0 no
2616493749.0 no
1849311546.0 no
919127925.0 no
783906599.0 no
618467106.0 no
2472271827.0 no
1500970221.0 no
2037843394.0 no
1387630837.0 no
802563935.0 no
918834857.0 no
442246046.0 no
2036534391.0 no
462766003.0 no
1773677563.0 no
1833304213.0 no
574280838.0 no
1421383426.0 no
1170670123.0 no
1818514643.0 no
1023991546.0 no
1197224493.0 no
1459361524.0 no
1611524444.0 no
354652819.0 no
640091038.0 no
1462502461.0 no
保存批次 31 的处理结果...
893546938.0 no
790093661.0 no
719368254.0 no
2432874057.0 no
1368403303.0 no
743048804.0 no
2465488980.0 no
845557664.0 no
1120463483.0 no
1015625658.0 no
1320942880.0 no
2275786601.0 yes
1075612145.0 no
468670540.0 no
2277154335.0 no
660167716.0 no
1294842384.0 no
1446950251.0 no
1070527382.0 no
2089205061.0 no
1468602801.0 no
2068550186.0 no
1503666394.0 no
876636296.0 no
409471052.0 no
894745247.0 no
1326381762.0 no
324043241.0 no
1746476430.0 no
507066780.0 no
802101377.0 no
287398179.0 no
475227476.0 no
618476976.0 no
2470911625.0 no
482505911.0 no
2139668953.0 no
631890058.0 no
2524009358.0 no
2140477596.0 no
1816585713.0 no
518918227.0 no
881732724.0 no
2139367594.0 no
502315910.0 no
2126773943.0 no
1937732437.0 no
681867801.0 no
1434665718.0 no
1296784921.0 no
保存批次 32 的处理结果...
421860186.0 no
2356950136.0 no
618748025.0 no
2492774864.0 no
1104397680.0 no
1354340439.0 no
2446350727.0 no
661688710.0 no
1631141073.0 no
1327344667.0 no
2137704004.0 no
1631113172.0 no
650954791.0 no
2446280743.0 no
2529845825.0 no
742671233.0 no
1220778512.0 no
2446505603.0 no
341552316.0 no
2552992968.0 yes
645032232.0 no
1315901249.0 no
2445530638.0 no
759869493.0 no
2293647519.0 yes
1035959919.0 no
613262049.0 no
2569435722.0 no
682528198.0 no
1627388680.0 no
1365372148.0 no
674657181.0 no
1369645159.0 no
1454808825.0 no
1685877136.0 no
1972780892.0 no
582618533.0 no
1073972413.0 no
2305708113.0 yes
372763322.0 no
397080320.0 no
2402756286.0 no
2292684356.0 no
2481429217.0 no
511796075.0 no
950702017.0 no
546690405.0 no
495546000.0 no
1315626769.0 no
2312690185.0 no
保存批次 33 的处理结果...
1093909978.0 no
648768543.0 no
620111531.0 no
2027323671.0 no
2451411559.0 no
673963511.0 no
2636090631.0 no
1402723865.0 no
1436691328.0 no
387163165.0 no
1469053210.0 no
1734169250.0 no
1674959921.0 no
1113071360.0 no
2037326336.0 no
1058825216.0 no
1899363123.0 yes
445587878.0 no
1468600566.0 no
307297163.0 no
1336417799.0 no
1689891670.0 no
1934120145.0 no
2175804162.0 no
2330071666.0 no
1067130219.0 no
515213946.0 no
2058262685.0 no
2036209528.0 no
1755377127.0 no
1622610633.0 no
1387562299.0 no
2285223340.0 no
1814671562.0 no
2305227577.0 yes
413145818.0 no
1491199481.0 no
1104885205.0 no
1813251694.0 no
1124889301.0 no
786287412.0 no
1696837769.0 no
354036809.0 no
2488525648.0 no
394391870.0 no
626862763.0 no
1306952763.0 no
1684506354.0 no
2283737134.0 yes
1660334874.0 no
保存批次 34 的处理结果...
1114136398.0 no
447688412.0 no
1382651214.0 no
2250968279.0 no
852363437.0 no
854402080.0 no
2285277938.0 yes
1441801471.0 no
1357497544.0 no
1417819071.0 no
419998173.0 no
1438895351.0 no
1642437447.0 no
532424758.0 no
1452099018.0 no
2492693349.0 no
1085235467.0 no
679583467.0 no
1300846408.0 no
2491199708.0 no
2490791131.0 no
2310886240.0 yes
1369707341.0 no
1391862350.0 no
799644024.0 no
2402241305.0 no
2534784420.0 no
1061432303.0 no
2531891919.0 no
1217156982.0 no
935956419.0 no
619697600.0 no
843402910.0 no
1338141778.0 no
614790235.0 no
617966849.0 no
2209482460.0 no
375359992.0 no
740385369.0 no
1990854851.0 no
2049347446.0 no
697379808.0 no
1636242195.0 no
1131267597.0 no
2529283458.0 no
1850545964.0 no
933587265.0 no
2529263875.0 no
2529273134.0 no
1670022168.0 no
保存批次 35 的处理结果...
2579424430.0 no
508504078.0 no
782489478.0 no
2390851043.0 no
2455965311.0 no
301145779.0 no
2433650811.0 no
1448065962.0 no
2533786575.0 no
451777035.0 no
1006803892.0 no
1635009631.0 no
387283578.0 no
2386951675.0 no
1000796328.0 no
1032449357.0 no
504995809.0 no
372203601.0 no
1673200892.0 no
1361668029.0 no
447014077.0 no
2455590264.0 no
1985493119.0 no
1011363252.0 no
701790025.0 no
1451908717.0 no
655166905.0 no
630151115.0 no
2385871440.0 no
983151307.0 no
748202591.0 no
2010028735.0 no
470506107.0 no
410720918.0 no
1374339708.0 no
2036520268.0 no
742592561.0 no
2301317183.0 no
406519367.0 no
2529720439.0 no
1030258528.0 no
2303299917.0 yes
2479549122.0 no
1127518924.0 no
2410044351.0 no
366906897.0 no
1972429681.0 no
1752553755.0 no
319774570.0 no
1423142363.0 no
保存批次 36 的处理结果...
1426469859.0 no
636373045.0 no
1092358939.0 no
1303535360.0 no
1431892408.0 no
2446143995.0 no
1715197483.0 no
2445420360.0 no
2418336700.0 no
1035866346.0 no
2044926928.0 no
2446293844.0 no
2356994248.0 no
2360429290.0 no
839374412.0 no
1321706189.0 no
1347476324.0 no
1713872664.0 no
2369074638.0 no
1981246431.0 no
819953134.0 no
2305334913.0 yes
1491408011.0 no
1294794424.0 no
1318873299.0 no
2512650677.0 no
2473283296.0 no
2528625079.0 no
581484719.0 no
1817983089.0 no
829176461.0 no
2418525132.0 no
1339033237.0 no
847332182.0 no
1463440751.0 no
484125561.0 no
2530322144.0 no
1654619274.0 no
1661470614.0 no
1414304863.0 no
2025920581.0 no
1497785240.0 no
569100925.0 no
453478327.0 no
716579499.0 no
2531868926.0 no
1648187745.0 no
525180687.0 no
2317576160.0 yes
2344418815.0 no
保存批次 37 的处理结果...
1156906118.0 no
1362945075.0 no
991880980.0 no
1318346813.0 no
2210219663.0 no
1331727552.0 no
2583004775.0 no
1375816846.0 no
2395661050.0 yes
729353657.0 no
2636078971.0 yes
327678222.0 no
2612068256.0 no
299889752.0 no
1263286846.0 no
619174555.0 no
1363571567.0 no
732545586.0 no
620030530.0 no
412788213.0 no
1469103074.0 no
1297643082.0 no
774192241.0 no
2281382634.0 yes
2526062642.0 no
1379690309.0 no
1465624669.0 no
509580689.0 no
2322392108.0 no
757488449.0 no
827153574.0 no
2141619591.0 no
2139414258.0 no
1467787730.0 no
1746425470.0 no
448694153.0 no
2081666551.0 no
1750843462.0 no
313460950.0 no
1446700042.0 no
595946462.0 no
453049214.0 no
650570750.0 no
2326540624.0 no
632883723.0 no
1957047782.0 no
1424987884.0 no
2141001421.0 no
2493631035.0 no
733307121.0 no
保存批次 38 的处理结果...
2478981839.0 no
2083922968.0 no
1423046194.0 no
375052114.0 no
1367182608.0 no
1106188615.0 no
2298210046.0 no
926683985.0 no
468297254.0 no
2494656516.0 no
1370299863.0 no
2018773720.0 no
2282504470.0 yes
517551371.0 no
2523061614.0 no
1881383296.0 no
871265788.0 no
347286473.0 no
522871002.0 no
1610967938.0 no
1359612923.0 no
535033018.0 no
384540852.0 no
1070633876.0 no
2530759514.0 no
535345841.0 no
2037452598.0 no
274722974.0 no
1331811423.0 no
661810338.0 no
1333037151.0 no
403322644.0 no
1631121971.0 no
1202099053.0 no
374972879.0 no
1318774645.0 no
2387903159.0 yes
2636061994.0 no
445834585.0 no
537675208.0 no
358018243.0 no
812265040.0 no
1243424677.0 no
2476964517.0 no
2037598839.0 no
795376481.0 no
579199871.0 no
2413276249.0 no
1455854697.0 no
2309683457.0 yes
保存批次 39 的处理结果...
1257947118.0 no
1180339851.0 no
1661547779.0 no
319067510.0 no
1419743718.0 no
1449820190.0 no
1996410168.0 no
544050772.0 no
1908609443.0 no
2635785497.0 no
375409124.0 no
2385385939.0 no
1106534026.0 no
2548786442.0 no
1424692372.0 no
1457711564.0 no
647643871.0 no
2548538996.0 no
2221476142.0 no
2094299961.0 no
780980466.0 no
1220072540.0 no
1451466218.0 no
1629727002.0 no
1442908004.0 no
712118303.0 no
398203133.0 no
395959321.0 no
2528907706.0 no
437905904.0 no
2335966270.0 yes
2536308845.0 no
723391282.0 no
2494517425.0 no
664808537.0 no
728280675.0 no
2318241307.0 yes
2493014385.0 no
616397543.0 no
2527846264.0 no
2317056412.0 yes
2479788892.0 no
2494435753.0 no
2492991332.0 no
2331639440.0 no
1621142899.0 no
2565247237.0 no
2534595711.0 no
2528608837.0 no
2572913911.0 no
保存批次 40 的处理结果...
1338047373.0 no
1327251701.0 no
1384270549.0 no
2443412290.0 no
2527012648.0 no
745375720.0 no
2527202165.0 no
1623016741.0 no
2404147263.0 no
2486243461.0 yes
2492995086.0 no
1503747396.0 no
868340792.0 no
1940417046.0 no
2527185843.0 no
1471068491.0 no
489151131.0 no
629615522.0 no
2527839187.0 no
2296360167.0 yes
1424211259.0 no
663887171.0 no
2493262084.0 no
838079477.0 no
2492175489.0 no
1498122522.0 no
2474615588.0 no
1072368023.0 no
1115564815.0 no
1971954279.0 no
2529283240.0 no
1081005045.0 no
2445451929.0 no
2533793654.0 no
821725645.0 no
556784737.0 no
504257328.0 no
602645505.0 no
1339898127.0 no
2287339282.0 yes
2446393136.0 no
483010689.0 no
2529283837.0 no
611464889.0 no
2446467257.0 no
2529279649.0 no
1197618531.0 no
2446312634.0 no
2455399220.0 no
431720250.0 no
保存批次 41 的处理结果...
2387684466.0 no
2418081838.0 no
562107652.0 no
1414476556.0 no
548922332.0 no
315822096.0 no
1449620613.0 no
1744534176.0 no
1605683400.0 no
769379050.0 no
433923849.0 no
2556259115.0 no
536053031.0 no
1077618405.0 no
2036243812.0 no
711902527.0 no
2124371911.0 no
1321972044.0 no
2193185301.0 no
1395731590.0 no
2036404753.0 no
552416017.0 no
2287836842.0 no
1393869829.0 no
1945048171.0 no
658346036.0 no
1741952340.0 no
915430577.0 no
2298250647.0 no
1464674442.0 no
1636700277.0 no
1461468640.0 no
1434119158.0 no
1734987634.0 no
777320132.0 no
2046651666.0 no
454886074.0 no
1519475785.0 no
2437671104.0 no
2194551733.0 no
1803554678.0 no
651390092.0 no
1633573941.0 no
1513400830.0 no
1972009671.0 no
1999874177.0 no
671567575.0 no
459880533.0 no
595310082.0 no
2251836276.0 no
保存批次 42 的处理结果...
990136116.0 no
389539278.0 no
697891702.0 no
1326994477.0 no
2322099487.0 no
711486830.0 no
1632656112.0 no
2633193233.0 yes
1658029913.0 no
1605664663.0 no
1972828399.0 no
2229247126.0 no
2457307741.0 no
1638053925.0 no
380832937.0 no
2277066930.0 yes
462932497.0 no
1631958937.0 no
1794941198.0 no
658141483.0 no
1094758655.0 no
402266339.0 no
1340168054.0 no
2353651724.0 no
505288103.0 no
1354750901.0 no
2184811955.0 no
716805267.0 no
585991917.0 no
476325679.0 no
1698490154.0 no
1416718070.0 no
901372941.0 no
1459059647.0 no
682475135.0 no
1339100280.0 no
1472402260.0 no
1156995247.0 no
1388738938.0 no
2478421251.0 no
544636729.0 no
1858280506.0 no
1292978045.0 no
755297026.0 no
2314060327.0 yes
2506977247.0 no
374085663.0 no
615301182.0 no
1361313157.0 no
1277720636.0 no
保存批次 43 的处理结果...
357288920.0 no
1049596262.0 no
2590931399.0 no
481771379.0 no
738266290.0 no
458908157.0 no
763152975.0 no
1086733200.0 no
651359634.0 no
1479395803.0 no
1927965273.0 no
907519216.0 no
2510827412.0 no
578878343.0 no
371983976.0 no
1386253250.0 no
1702532447.0 no
475943068.0 no
1044418111.0 no
1301965113.0 no
396180258.0 no
2341992561.0 no
2276271149.0 yes
1681752736.0 no
623871456.0 no
2115280809.0 no
1701740983.0 no
2270210787.0 yes
637073855.0 no
2037572795.0 no
2470020090.0 no
1445054877.0 no
2037442891.0 no
800122972.0 no
1811758435.0 no
1817354558.0 no
2036240158.0 no
2037201061.0 no
1449704149.0 no
674115291.0 no
709578277.0 no
2575240282.0 no
1819631643.0 no
884303244.0 no
2301892265.0 no
457323340.0 no
2109792395.0 no
868123704.0 no
946580592.0 no
2635717859.0 yes
保存批次 44 的处理结果...
2512801107.0 no
2281320228.0 no
1867057079.0 no
2333633678.0 no
2501543661.0 no
597502608.0 no
2327008873.0 no
1821644312.0 no
1346767014.0 no
1602471026.0 no
2360812068.0 no
801680629.0 no
1081240543.0 no
632699992.0 no
2491887304.0 no
572679045.0 no
1468888678.0 no
416184989.0 no
370373869.0 no
2492526772.0 no
826984498.0 no
2280445701.0 yes
2533979309.0 no
1329725560.0 no
2579687082.0 no
1328633159.0 no
1460902191.0 no
613945247.0 no
2463913089.0 no
1135949374.0 no
2523442914.0 no
2446544714.0 no
942638288.0 no
2526895332.0 no
2446548557.0 no
1611014673.0 no
2446226285.0 no
2492527069.0 no
1465754324.0 no
2258930924.0 no
2426127264.0 no
2536503385.0 no
2363575695.0 no
1748952944.0 no
1014576648.0 no
1212036458.0 no
901187922.0 no
880143933.0 no
2313613347.0 no
2445754215.0 no
保存批次 45 的处理结果...
检查广告 1649119174.0 时出错: HTTPSConnectionPool(host='api.baixing.com.cn', port=443): Max retries exceeded with url: /v2/ad/1649119174.0 (Caused by SSLError(SSLError(1, '[SSL: SSLV3_ALERT_UNEXPECTED_MESSAGE] sslv3 alert unexpected message (_ssl.c:1000)')))
1901436501.0 no
1637235246.0 no
1035675189.0 no
1345978304.0 no
1074661298.0 no
2552624221.0 no
1329337436.0 no
1338926807.0 no
1818027645.0 no
627836866.0 no
2292618190.0 no
1019804596.0 no
2314221466.0 yes
1422129309.0 no
2303774049.0 yes
1077163492.0 no
2312798758.0 yes
1077551257.0 no
1623308183.0 no
1649119174.0 pending
2512862001.0 no
1308515200.0 no
1052264633.0 no
1345340171.0 no
1077550976.0 no
526033172.0 no
728898959.0 no
669237839.0 no
1061167007.0 no
1054923117.0 no
1721214302.0 no
824369637.0 no
1339826646.0 no
1188448571.0 no
706546164.0 no
547385325.0 no
1345546322.0 no
364850923.0 no
2569572606.0 no
2549292473.0 no
1360823121.0 no
2332041176.0 no
1004153120.0 no
1421901560.0 no
1093487957.0 no
2213577562.0 no
998323978.0 no
478385094.0 no
765633527.0 no
2529283417.0 no
保存批次 46 的处理结果...
1109181705.0 no
741025634.0 no
1932515289.0 no
976642915.0 no
1005711290.0 no
2333161082.0 no
2529287838.0 no
2541431215.0 no
307030861.0 no
1343559907.0 no
468252789.0 no
2260635724.0 no
1450154428.0 no
2376140295.0 no
1459363130.0 no
350784978.0 no
1758050031.0 no
480643268.0 no
903759495.0 no
2037563550.0 no
1819934667.0 no
2529284768.0 no
435350498.0 no
2037461097.0 no
2037487063.0 no
609995744.0 no
678174003.0 no
376816738.0 no
674116282.0 no
945742347.0 no
1380584792.0 no
427825766.0 no
402882731.0 no
2353970287.0 no
2304572083.0 yes
1433641152.0 no
2317906734.0 yes
1961820545.0 no
1289641086.0 no
1687229662.0 no
1856959993.0 no
661245450.0 no
627645526.0 no
2441171234.0 no
1457328124.0 no
1421073916.0 no
1600962540.0 no
2439016856.0 no
1677105054.0 no
314368520.0 no
保存批次 47 的处理结果...
1195914264.0 no
749282234.0 no
2484815452.0 no
1346342971.0 no
1100921305.0 no
1867598988.0 no
1982200558.0 no
1917884208.0 no
2376831369.0 no
465063679.0 no
883983628.0 no
2327198170.0 no
721045401.0 no
527142960.0 no
2422636508.0 no
2635939582.0 yes
1972195419.0 no
1135671244.0 no
508275496.0 no
696690363.0 no
555776888.0 no
391877664.0 no
663613442.0 no
1614590812.0 no
1108115772.0 no
1839337340.0 no
2355790700.0 no
1000909152.0 no
2339010054.0 no
1328822369.0 no
799842747.0 no
2508468571.0 no
2239408211.0 no
1729306165.0 no
1508871369.0 no
2421270537.0 no
1641983905.0 no
2407685465.0 no
2052884026.0 no
2249461383.0 no
2559155623.0 no
1450356032.0 no
1813722938.0 no
1946288190.0 no
2468163878.0 no
572634755.0 no
2529791840.0 no
1639267924.0 no
1628101504.0 no
1791708773.0 no
保存批次 48 的处理结果...
300498326.0 no
765889102.0 no
1349853930.0 no
2636488179.0 yes
1330362308.0 no
1425004982.0 no
1419257894.0 no
2529783850.0 no
1469461445.0 no
2072493741.0 no
571801002.0 no
1417060001.0 no
848550458.0 no
1463890710.0 no
406781215.0 no
1365288829.0 no
1349101395.0 no
621157706.0 no
497672480.0 no
456104496.0 no
1604897193.0 no
1461318140.0 no
1212228695.0 no
2551911992.0 no
1145448976.0 no
2263030275.0 no
1816233129.0 no
621360131.0 no
2542450180.0 no
1134213662.0 no
1095056908.0 no
976016021.0 no
963022406.0 no
2155284131.0 no
643095654.0 no
360544458.0 no
1119145636.0 no
1615377031.0 no
429674406.0 no
1831156238.0 no
493163853.0 no
1819367684.0 no
1818714293.0 no
803597611.0 no
616593769.0 no
2499803631.0 no
2401476438.0 no
1030694380.0 no
2443587764.0 no
375254236.0 no
保存批次 49 的处理结果...
1723642952.0 no
1470464618.0 no
823239997.0 no
1469738265.0 no
1902207005.0 no
1117307751.0 no
827633428.0 no
2446493552.0 no
376523005.0 no
1469200448.0 no
1037262565.0 no
691413726.0 no
1816471714.0 no
1084866342.0 no
2312073466.0 no
2446283727.0 no
2144221683.0 no
2126398300.0 no
302500407.0 no
2141877657.0 no
2372321943.0 no
680057635.0 no
2138943846.0 no
2529606008.0 no
2533820149.0 no
1464489981.0 no
2327782765.0 no
2059526654.0 no
1678943495.0 no
1632747921.0 no
2527100811.0 no
1080947096.0 no
2315645478.0 no
1321954357.0 no
2493932069.0 no
1103912557.0 no
1332898811.0 no
1604299806.0 no
2493179912.0 no
2529759698.0 no
2126521863.0 no
1489893517.0 no
1632266032.0 no
1447279841.0 no
2533793120.0 no
1438810440.0 no
1632542504.0 no
2492590346.0 no
2526820813.0 no
2405224616.0 no
保存批次 50 的处理结果...
712539870.0 no
902323095.0 no
2534328263.0 no
703883617.0 no
1330365575.0 no
415239089.0 no
2349000086.0 no
1444856190.0 no
1340087515.0 no
1626432497.0 no
395365027.0 no
448722411.0 no
500762272.0 no
493384846.0 no
1341519618.0 no
1430898307.0 no
1448685949.0 no
789436926.0 no
574424129.0 no
1349859277.0 no
1233204582.0 no
2508538706.0 no
1810910631.0 no
1455106471.0 no
2417986613.0 no
1653427422.0 no
1746721068.0 no
1933822599.0 no
1902549123.0 no
1111221212.0 no
500367526.0 no
552429166.0 no
544522147.0 no
2282445619.0 no
1664171692.0 no
2392472242.0 no
507423586.0 no
997805889.0 no
799222148.0 no
2462315005.0 no
755086683.0 no
2479892757.0 no
574351227.0 no
2355420171.0 no
1498366130.0 no
2292405532.0 no
2461638319.0 no
1466102686.0 no
1361646402.0 no
1456843320.0 no
保存批次 51 的处理结果...
325037237.0 no
1508042056.0 no
2469387012.0 no
2411488980.0 no
1397167458.0 no
1229585459.0 no
2531867139.0 no
398156098.0 no
268614868.0 no
1120088167.0 no
2527780244.0 no
2339543581.0 no
752912003.0 no
1222483293.0 no
1494848505.0 no
659652100.0 no
1088187636.0 no
1422858099.0 no
1449238966.0 no
2493287604.0 no
666966994.0 no
885764042.0 no
2529289759.0 no
522671571.0 no
2529309820.0 no
719071026.0 no
561891348.0 no
2529335507.0 no
2495635527.0 no
551596258.0 no
375508870.0 no
1098014161.0 no
523764803.0 no
1318740576.0 no
1362280537.0 no
588212537.0 no
2341879737.0 yes
881858728.0 no
1035182120.0 no
2309570396.0 no
2326774585.0 no
870307457.0 no
359848242.0 no
1628327940.0 no
438864166.0 no
2635769046.0 yes
2316439225.0 yes
1634847918.0 no
2309400055.0 yes
1266886283.0 no
保存批次 52 的处理结果...
305305206.0 no
410093117.0 no
1717333231.0 no
1443434053.0 no
1451881313.0 no
400965839.0 no
2037487215.0 no
2407823658.0 no
2037427817.0 no
273777341.0 no
2476869532.0 no
1812640693.0 no
2484128287.0 no
1454618008.0 no
578082289.0 no
2257062435.0 no
1444802227.0 no
1234901547.0 no
615394264.0 no
1319855827.0 no
1443722037.0 no
688792527.0 no
484221118.0 no
515830313.0 no
2465166067.0 no
2380377022.0 no
464022673.0 no
1025806838.0 no
1443255909.0 no
2320383929.0 no
2491148244.0 no
1145637219.0 no
2149970874.0 no
389082465.0 no
1298605545.0 no
677185972.0 no
2522519853.0 no
2057615700.0 no
2579310436.0 no
2287519722.0 yes
2552563301.0 no
1135731129.0 no
2421406369.0 no
686636482.0 no
623955740.0 no
590590641.0 no
368422728.0 no
1703912964.0 no
2200643558.0 no
1971352377.0 no
保存批次 53 的处理结果...
1036525942.0 no
1077632650.0 no
818516296.0 no
1739943775.0 no
2156750160.0 no
1629707599.0 no
480557686.0 no
1818353451.0 no
868051375.0 no
678327650.0 no
1738848683.0 no
281292286.0 no
1089104631.0 no
2624443395.0 no
2416533768.0 no
2135294504.0 no
843454747.0 no
523255485.0 no
873968078.0 no
2340176190.0 no
2303797210.0 yes
1329904080.0 no
394970943.0 no
361400542.0 no
1969282305.0 no
2456104526.0 no
2446416513.0 no
1485595655.0 no
1387379139.0 no
1464924852.0 no
706003269.0 no
2446186250.0 no
771346784.0 no
1434598637.0 no
536264987.0 no
1424039474.0 no
2446378229.0 no
1843276805.0 no
2432340777.0 no
683997097.0 no
1890293432.0 no
1395609595.0 no
618253980.0 no
2447159026.0 no
2405469834.0 no
846288314.0 no
309986881.0 no
510036371.0 no
2407785585.0 no
754255868.0 no
保存批次 54 的处理结果...
1785770056.0 no
1057841519.0 no
732670815.0 no
467570231.0 no
510934620.0 no
795977500.0 no
1422502807.0 no
2514681587.0 no
2406068431.0 no
2446446263.0 no
977379913.0 no
1769316286.0 no
2487902962.0 no
2206095417.0 no
2279905391.0 no
2529712024.0 no
817542950.0 no
2263039930.0 no
2375131863.0 no
1468737541.0 no
1424241537.0 no
2489867348.0 no
1071582376.0 no
373850309.0 no
1812105407.0 no
770435704.0 no
877254915.0 no
2067087502.0 no
2563926398.0 yes
308067159.0 no
1330602975.0 no
2310133565.0 no
1098358762.0 no
2335928666.0 no
2396860412.0 no
2082152269.0 no
712727030.0 no
361265975.0 no
438227713.0 no
870168214.0 no
2538767963.0 no
1321829415.0 no
1682971988.0 no
1036344085.0 no
813807658.0 no
2036537803.0 no
1106245700.0 no
404451648.0 no
1341871025.0 no
2343140323.0 no
保存批次 55 的处理结果...
480286331.0 no
1818312002.0 no
2301146559.0 no
1778548388.0 no
2100337827.0 no
2529672833.0 no
523951471.0 no
2529977435.0 no
1689721061.0 no
2566256460.0 no
675254227.0 no
1086963401.0 no
1320018425.0 no
2492156001.0 no
1422739882.0 no
720083955.0 no
1673857319.0 no
2611837613.0 no
2492240095.0 no
527366838.0 no
1468068951.0 no
1634642600.0 no
1321952338.0 no
2571364694.0 no
276736366.0 no
914216098.0 no
2534534928.0 no
2493490669.0 no
2621566351.0 no
2492393984.0 no
1506124164.0 no
1674149726.0 no
2493019158.0 no
1064882015.0 no
1678110188.0 no
2582385871.0 yes
1696840331.0 no
2486752518.0 no
1494647079.0 no
1749838893.0 no
2526977595.0 no
1320678812.0 no
1693042354.0 no
1076130992.0 no
714042417.0 no
1806935540.0 no
1812837124.0 no
370951958.0 no
2311511805.0 yes
2621697816.0 no
保存批次 56 的处理结果...
2160263751.0 no
531572859.0 no
2593280584.0 no
2621691784.0 no
2527366228.0 no
2621694043.0 no
1438682310.0 no
787492247.0 no
2477932114.0 no
1049542064.0 no
1355534010.0 no
377052016.0 no
2621683226.0 no
1437903492.0 no
1447922575.0 no
1820457095.0 no
1431001078.0 no
2337734338.0 no
1644630190.0 no
682709156.0 no
698667882.0 no
308172419.0 no
2236359084.0 no
2068787436.0 no
704250252.0 no
871286520.0 no
1356124072.0 no
269090661.0 no
683134008.0 no
1776500326.0 no
2007010415.0 no
551392599.0 no
2589815819.0 no
333232935.0 no
2189889148.0 no
1012006753.0 no
1016682052.0 no
2261852515.0 no
2202188875.0 no
880922446.0 no
1109330476.0 no
1618861035.0 no
617181600.0 no
597232154.0 no
1206150605.0 no
491096393.0 no
1341787010.0 no
2307810120.0 yes
1083538472.0 no
2595735231.0 no
保存批次 57 的处理结果...
1094587261.0 no
1360070418.0 no
1902373589.0 no
607239888.0 no
476219084.0 no
2469676326.0 no
1419861097.0 no
873969127.0 no
675376234.0 no
2155778280.0 no
318616797.0 no
1445282127.0 no
2535883443.0 no
1434547653.0 no
1337566702.0 no
1610470119.0 no
2529337332.0 no
2529315059.0 no
2214645034.0 no
1982227745.0 no
1447927501.0 no
569969592.0 no
1670756169.0 no
1717901239.0 no
1372066866.0 no
1602451824.0 no
1628676840.0 no
392591709.0 no
921076564.0 no
397235850.0 no
2037197353.0 no
2314988272.0 yes
1312766092.0 no
2529329644.0 no
342720035.0 no
1152979090.0 no
1497770681.0 no
2038978799.0 no
1720113393.0 no
459595161.0 no
2279229518.0 no
2211977274.0 no
1079711712.0 no
1067350542.0 no
1374897575.0 no
1384684286.0 no
1991001134.0 no
2035907535.0 no
1042054093.0 no
2036205542.0 no
保存批次 58 的处理结果...
1419802618.0 no
2445301050.0 no
1508333183.0 no
365417629.0 no
1628173494.0 no
2445815814.0 no
399224790.0 no
2454014461.0 no
1693754543.0 no
404480537.0 no
2446507411.0 no
421315551.0 no
930591038.0 no
883903289.0 no
1620516687.0 no
2492592949.0 no
1459114658.0 no
432033751.0 no
1816280246.0 no
1385415475.0 no
2446285963.0 no
607740521.0 no
1094634231.0 no
2312814951.0 no
627472055.0 no
2310423166.0 yes
1405410471.0 no
1818231136.0 no
2480329059.0 no
2427159255.0 no
1122703893.0 no
825263482.0 no
1623077255.0 no
700718024.0 no
870276337.0 no
1041291081.0 no
2621715832.0 no
1421510185.0 no
1321849345.0 no
815959329.0 no
566045521.0 no
1416991607.0 no
685977225.0 no
2422668381.0 no
1111221386.0 no
830156308.0 no
1470548191.0 no
1420911375.0 no
2276061601.0 yes
2569289000.0 no
保存批次 59 的处理结果...
2077845485.0 no
1426974823.0 no
1206053779.0 no
1414300143.0 no
514531322.0 no
1345723868.0 no
2472958565.0 no
1381299438.0 no
1106987174.0 no
2164136726.0 no
1073700434.0 no
1252742872.0 no
2031586246.0 no
1777064502.0 no
632786373.0 no
1517594407.0 no
2074960758.0 no
648478702.0 no
848684217.0 no
547534288.0 no
1182708097.0 no
2228773780.0 no
1706288136.0 no
1419980117.0 no
1747554030.0 no
1075779262.0 no
2440311268.0 no
849892039.0 no
2493020777.0 no
1026197283.0 no
1626931811.0 no
669073644.0 no
2437735199.0 no
2169427037.0 no
2320135254.0 no
1654468203.0 no
1438198718.0 no
2324343148.0 no
670280243.0 no
2066823360.0 no
918411272.0 no
2454779381.0 no
1672246998.0 no
400022670.0 no
1049007403.0 no
1906776702.0 no
1426919854.0 no
838797427.0 no
805147549.0 no
2568060381.0 no
保存批次 60 的处理结果...
524869406.0 no
2034720452.0 no
1087611605.0 no
2037658223.0 no
604646996.0 no
2039341724.0 no
1466163086.0 no
1995495420.0 no
2473345619.0 no
987889188.0 no
1648394351.0 no
2043024424.0 no
2535741502.0 no
747958993.0 no
1392680992.0 no
2530346997.0 no
507224848.0 no
2036184975.0 no
1024660745.0 no
1000879417.0 no
1087212967.0 no
2493223096.0 no
2526886061.0 no
1355974751.0 no
1400660311.0 no
2491180751.0 no
1854189127.0 no
2626113141.0 no
2054085563.0 yes
1157333219.0 no
1185568811.0 no
2493245590.0 no
2534067119.0 no
2536053116.0 no
875095369.0 no
2166817828.0 no
725490539.0 no
549323337.0 no
800194103.0 no
2412636015.0 no
2142850779.0 no
2307268187.0 no
1816493553.0 no
2523476553.0 no
651535806.0 no
1292987151.0 no
2306141679.0 yes
857954356.0 no
1347695952.0 no
1108788946.0 no
保存批次 61 的处理结果...
1245334260.0 no
1771218381.0 no
605821845.0 no
751987356.0 no
1470381802.0 no
1449446179.0 no
1070371352.0 no
1433199759.0 no
2318135178.0 yes
2066380820.0 no
1387525877.0 no
304375073.0 no
579870998.0 no
1820505788.0 no
2059219025.0 no
1601230803.0 no
1670811996.0 no
701731426.0 no
1681606516.0 no
721376374.0 no
576112015.0 no
1632332152.0 no
2034124055.0 no
1623813342.0 no
1434371537.0 no
1258039291.0 no
1868539315.0 no
532887538.0 no
2434027477.0 no
577759829.0 no
1319738248.0 no
470009644.0 no
2404211272.0 no
1759749451.0 no
2384325876.0 no
1765056308.0 no
1661132878.0 no
516976938.0 no
2483017929.0 no
1646013190.0 no
2288661818.0 no
405382670.0 no
1416182593.0 no
548968535.0 no
528181930.0 no
1519053244.0 no
2294561980.0 yes
1144675321.0 no
839064638.0 no
433187887.0 no
保存批次 62 的处理结果...
2302925882.0 no
1049451326.0 no
2529449440.0 no
939898116.0 no
2273607549.0 yes
1821864783.0 no
627322849.0 no
1519178860.0 no
496222843.0 no
709786555.0 no
896731660.0 no
2529007144.0 no
814029117.0 no
722096160.0 no
2446488425.0 no
2446331088.0 no
291403938.0 no
1449690279.0 no
1736408638.0 no
2636497749.0 yes
2446341489.0 no
1110512400.0 no
618916241.0 no
1123569996.0 no
2528729745.0 no
2529364063.0 no
1854913360.0 no
1099335364.0 no
390968374.0 no
2529364364.0 no
1179609851.0 no
985438514.0 no
1829209801.0 no
766230318.0 no
2636165982.0 yes
2446038563.0 no
435803339.0 no
1686720506.0 no
1110777041.0 no
2105314500.0 no
2358398027.0 no
633712441.0 no
300137927.0 yes
1721656777.0 no
2480154931.0 no
1996835553.0 no
1933798429.0 no
1732422821.0 no
2428629640.0 yes
2464577290.0 no
保存批次 63 的处理结果...
2041480997.0 no
370126927.0 no
1043371967.0 no
1762402068.0 no
1995157742.0 no
2171912323.0 no
921976593.0 no
2172158689.0 no
1674497026.0 no
2510694138.0 no
2599044300.0 no
2482692552.0 no
1866955647.0 no
1741015968.0 no
1764218941.0 no
1601205607.0 no
2312313995.0 yes
717249943.0 no
1357169613.0 no
1005379111.0 no
2455372330.0 no
1958109220.0 no
545015511.0 no
1844179456.0 no
2200916932.0 no
1489698826.0 no
442150283.0 no
1383572818.0 no
2060456082.0 no
2283508673.0 yes
747932874.0 no
896139437.0 no
2064080779.0 no
1436720718.0 no
937673374.0 no
1626548801.0 no
2018645558.0 no
1750365917.0 no
917408133.0 no
2189228883.0 no
2453340515.0 no
2157264210.0 no
684519454.0 no
1993860548.0 no
1629481202.0 no
379908009.0 no
635008847.0 no
768203367.0 no
2481082651.0 no
641089814.0 no
保存批次 64 的处理结果...
1454184122.0 no
513201713.0 no
1786076966.0 no
1363705781.0 no
1300861661.0 no
619760069.0 no
1670854146.0 no
1066436674.0 no
1071275015.0 no
1729656563.0 no
1682461200.0 no
441488058.0 no
2332353981.0 yes
392212483.0 no
1729588275.0 no
1745119573.0 no
1337093686.0 no
2333094339.0 no
1808298691.0 no
2327228607.0 no
1605182544.0 no
1459281584.0 no
517996499.0 no
2482852419.0 no
2239254115.0 no
637701176.0 no
658884299.0 no
502928785.0 no
675484113.0 no
2325517650.0 yes
1649850448.0 no
2197125781.0 no
2526075228.0 no
508092326.0 no
850388434.0 no
1011430175.0 no
1399615168.0 no
1070026165.0 no
1717605466.0 no
619605337.0 no
602258365.0 no
649426655.0 no
1702338717.0 no
1441069299.0 no
1019219784.0 no
594245606.0 no
2465143844.0 no
1324699476.0 no
2401343065.0 no
2459032731.0 no
保存批次 65 的处理结果...
1446470244.0 no
1266162445.0 no
2337119741.0 yes
1375722949.0 no
1198096404.0 no
2277018568.0 yes
1972798880.0 no
1518108686.0 no
851714109.0 no
1034264365.0 no
346879995.0 no
534706771.0 no
1717814899.0 no
1041586218.0 no
1433862691.0 no
2498255987.0 yes
2487375331.0 no
2459225890.0 no
1719388101.0 no
1705789272.0 no
1460362857.0 no
1313697704.0 no
1258770628.0 no
1994963754.0 no
1334442803.0 no
1509150770.0 no
2529618082.0 no
621151153.0 no
707917325.0 no
2137521362.0 no
1648838774.0 no
1441018426.0 no
2492644242.0 no
2492749137.0 no
1746484976.0 no
2170075647.0 no
2226991608.0 no
2527702369.0 no
2533825396.0 no
1646421273.0 no
2284538622.0 yes
2490651945.0 no
373523765.0 no
1628325685.0 no
2528556693.0 no
335371225.0 no
669525077.0 no
1030232199.0 no
1940841291.0 no
1144437879.0 no
保存批次 66 的处理结果...
2176630920.0 no
1775062473.0 no
817799298.0 no
2619278896.0 no
2038060639.0 no
685572833.0 no
571284395.0 no
1968417610.0 no
2104705557.0 no
375144636.0 no
1474217377.0 no
1342612729.0 no
1940077629.0 no
2272021403.0 yes
628728781.0 no
671292365.0 no
2472973417.0 no
315332216.0 no
1435117698.0 no
1062566508.0 no
620552529.0 no
2446490042.0 no
1472126533.0 no
415369349.0 no
1726714259.0 no
389726839.0 no
2445432047.0 no
2446499643.0 no
1070585999.0 no
1339384320.0 no
579017232.0 no
1446511721.0 no
2446408367.0 no
2042065038.0 no
1337096199.0 no
320559518.0 no
2269110364.0 no
630135322.0 no
2242103072.0 no
946277335.0 no
1309107833.0 no
529400173.0 no
787907386.0 no
777681364.0 no
985398502.0 no
1021372097.0 no
900051071.0 no
390921969.0 no
2329959342.0 no
1450361941.0 no
保存批次 67 的处理结果...
1686604899.0 no
2287794473.0 yes
1620393547.0 no
402325453.0 no
1028450240.0 no
2635732900.0 no
794360527.0 no
645116172.0 no
1460832957.0 no
827041415.0 no
831341097.0 no
672587467.0 no
882657137.0 no
832274193.0 no
545190823.0 no
476042297.0 no
798918194.0 no
817334985.0 no
保存批次 68 的处理结果...
所有pending广告处理完成！

2025-03-04 22:17:45,252 - INFO - 开始执行 process_ad_exist_in_b.py
2025-03-04 22:28:55,898 - INFO - process_ad_exist_in_b.py 执行成功
2025-03-04 22:28:55,905 - INFO - 输出: 正在读取Excel文件...
找到 3234 条需要处理的记录
2481847665.0 no
2454168961.0 no
730447829.0 no
2296303442.0 no
385423464.0 no
1753860418.0 no
2492258171.0 no
1417278742.0 no
1030081132.0 no
2431010733.0 no
1939798501.0 yes_b
498530244.0 no
1361209761.0 no
529776148.0 no
546963976.0 no
1078655396.0 no
491624563.0 no
2115270047.0 no
2529187132.0 no
2310996961.0 no
1621832154.0 no
1806479262.0 no
1491854725.0 yes_b
1090069754.0 no
503163122.0 no
528003240.0 no
1396626990.0 no
2561457517.0 no
1821438604.0 no
1305658208.0 no
1391720487.0 no
383550517.0 no
1828357854.0 no
735953794.0 no
406307390.0 no
1199601933.0 no
1772340929.0 no
2527972438.0 no
2565802949.0 no
1685868885.0 no
2107050780.0 no
709823684.0 no
1722223653.0 yes_b
634767052.0 no
2448484212.0 no
581473989.0 no
2357431755.0 no
1014094491.0 no
2529195862.0 no
2546656996.0 no
保存批次 1 的处理结果...
1335239020.0 no
1886215551.0 yes_b
825115984.0 no
2446109457.0 no
575095530.0 no
2446031610.0 no
1448975342.0 no
2446152584.0 no
1368910802.0 no
1208230297.0 no
2446273651.0 no
441682985.0 no
1090382474.0 no
1322052904.0 no
2417675911.0 no
1422858430.0 no
712065091.0 no
1491780576.0 no
2616837073.0 no
1423522320.0 no
667733146.0 no
1511644600.0 no
452333352.0 no
1000428038.0 no
1045046186.0 no
1453909599.0 no
1753592222.0 no
2140345852.0 no
1388476014.0 no
1345510110.0 no
2493536763.0 no
2492371169.0 no
1325875062.0 no
1469491168.0 no
672404577.0 no
1470960037.0 no
2450579268.0 no
1388863992.0 no
1403772391.0 no
542153011.0 no
2551329000.0 no
2205063617.0 no
2494052128.0 no
1308330700.0 no
1888706505.0 no
1328065196.0 yes_b
2528669123.0 no
1056873426.0 no
1929870159.0 no
1327273478.0 no
保存批次 2 的处理结果...
1165181321.0 no
2037314167.0 no
400052768.0 no
920902840.0 no
1614927216.0 no
472319375.0 no
2390735407.0 no
1066438059.0 no
1625394165.0 no
918274228.0 no
1663201563.0 no
902614545.0 no
1633079864.0 no
628214143.0 no
1652300850.0 no
2415692140.0 no
1681082332.0 no
668942784.0 no
723271014.0 no
1366659139.0 no
947998701.0 no
1632257431.0 no
2036225827.0 no
1686872415.0 no
907742353.0 no
2388026195.0 no
287991544.0 no
2280459677.0 no
974036104.0 no
2400557771.0 no
280646256.0 no
1719465702.0 no
404266396.0 no
1001559626.0 no
2452881738.0 no
1177791250.0 no
2048746079.0 no
1000504680.0 no
390890428.0 no
2579426469.0 no
2093338658.0 no
379704758.0 no
454508531.0 no
1699893857.0 no
805018009.0 no
1933920335.0 no
612230060.0 no
258037127.0 no
1472206000.0 no
1954224974.0 no
保存批次 3 的处理结果...
2544442410.0 no
1404821132.0 no
1326573109.0 no
1924029591.0 no
1427413949.0 no
2476308286.0 no
1349932103.0 no
515981084.0 no
1469437208.0 no
2437667085.0 no
810790042.0 no
999496210.0 no
2302491856.0 no
1416290587.0 no
2393602737.0 no
2376742421.0 no
1445773930.0 no
474891225.0 no
1362978212.0 no
1951224153.0 no
489202055.0 no
1972747842.0 no
472524685.0 no
1389649505.0 no
2297778825.0 no
508716067.0 no
1130829659.0 no
1069705338.0 no
2443171401.0 no
2383825513.0 no
1185103699.0 no
2486452134.0 no
2635368276.0 no
2587006745.0 no
999177497.0 no
1434640798.0 no
2635752770.0 no
609145444.0 no
585956551.0 no
2004323974.0 no
1380166050.0 no
882996903.0 no
582673625.0 no
2586167665.0 no
2322164062.0 no
1830932208.0 no
2506789938.0 no
488033908.0 no
1416269527.0 no
525673907.0 no
保存批次 4 的处理结果...
784352824.0 no
2491744693.0 no
2332838144.0 no
1102017067.0 no
1451634129.0 no
559769355.0 no
1001084423.0 no
1347837714.0 no
740354176.0 yes_b
546920325.0 no
2329898918.0 no
527052746.0 no
376837058.0 no
2129727124.0 no
2494853154.0 no
580136841.0 no
709193699.0 no
375351910.0 no
510485410.0 no
2058357367.0 no
1853564203.0 yes_b
1795842981.0 no
2037169059.0 no
730902643.0 no
1805647175.0 no
1319623788.0 no
363943597.0 no
1664136806.0 no
460995728.0 no
690755847.0 no
681650649.0 no
1300775872.0 no
2444020851.0 no
410873554.0 no
1836288929.0 no
1073624987.0 no
2035959415.0 no
2035586885.0 no
569583920.0 no
2445465815.0 no
651769041.0 no
781964509.0 no
2445650500.0 no
1631859233.0 no
2242665393.0 no
2446420922.0 no
545882537.0 no
1816195552.0 yes_b
1689266911.0 no
2035776260.0 no
保存批次 5 的处理结果...
1982950161.0 no
1041916421.0 no
2446223910.0 no
1624824343.0 no
1013956820.0 no
547647555.0 no
2427291553.0 no
2419259553.0 no
2610222145.0 no
1200188523.0 no
2474308251.0 no
2283184777.0 no
2546794101.0 no
2567159842.0 no
2635733656.0 no
1468600597.0 no
1850427729.0 no
2175246865.0 no
1468906763.0 no
1283412387.0 no
1018832976.0 no
1338009736.0 no
1469579366.0 no
881819151.0 no
1011430379.0 no
1826435180.0 no
2460420118.0 no
1430014525.0 no
1446699629.0 no
555706336.0 no
869388215.0 no
493272905.0 no
667825965.0 no
835918551.0 no
2426842363.0 no
2452249892.0 no
2342362634.0 no
1461333542.0 no
2529206586.0 no
687035427.0 no
622520431.0 no
556961551.0 no
2117827175.0 no
2529213357.0 no
1058751833.0 no
1094679860.0 no
2529200883.0 no
494054123.0 no
510489622.0 no
2465134209.0 no
保存批次 6 的处理结果...
1447240373.0 no
1033337511.0 no
2129428776.0 no
2121961914.0 no
583369639.0 no
704252421.0 no
618726969.0 no
587437836.0 no
2021217179.0 no
2349649074.0 no
626549237.0 no
875644581.0 no
2535471564.0 no
2493723647.0 no
2222208773.0 no
699829666.0 no
2134299689.0 no
1180973350.0 no
490856604.0 no
2527156711.0 no
1314042914.0 no
2116783593.0 no
1813213410.0 no
629007813.0 no
817845764.0 no
1338635411.0 no
2480238866.0 no
2536352224.0 no
1654678813.0 no
1297520184.0 no
1612479682.0 no
2528921567.0 no
1463977223.0 no
766490610.0 no
2566489782.0 no
659075750.0 no
2480998553.0 no
596144520.0 no
575183620.0 no
706388783.0 no
2452532028.0 no
1890635668.0 no
1445385432.0 no
1624582897.0 no
2621999329.0 no
318717674.0 no
320846371.0 no
2473335100.0 no
1623376236.0 no
917663824.0 no
保存批次 7 的处理结果...
1291158672.0 no
2525252124.0 no
2526051467.0 no
915925666.0 no
2485778519.0 no
1605747786.0 no
1064019626.0 no
1470823611.0 no
1422689247.0 no
1612067571.0 no
613820512.0 no
1136859828.0 no
1517742634.0 no
1273218049.0 no
1377934867.0 no
1972374527.0 no
1450867174.0 no
993688037.0 no
1636952874.0 no
2565418527.0 no
2037893642.0 no
1649184026.0 no
1417019585.0 no
639739522.0 no
1006660450.0 no
2468662765.0 no
1651148015.0 no
1290899569.0 no
737600717.0 no
2526946752.0 no
912628107.0 no
690639933.0 no
2150227711.0 no
2037907549.0 no
1820691365.0 no
622106225.0 no
2448977528.0 no
597437622.0 no
1472749070.0 no
1469320133.0 no
1449409640.0 no
1605207630.0 no
1469305730.0 no
488542678.0 no
819103480.0 no
1020615815.0 no
2009278255.0 no
1099741556.0 no
2380270711.0 no
1380884334.0 no
保存批次 8 的处理结果...
2349665049.0 no
1990560805.0 no
1015888919.0 no
839481825.0 no
478779174.0 no
1601479603.0 no
2273724714.0 no
368574535.0 no
712499470.0 no
1320442288.0 no
1052504364.0 no
2554539876.0 no
1079920430.0 no
374600753.0 no
1933936644.0 no
2259491725.0 no
1485594183.0 no
374991780.0 no
2526665197.0 no
511658614.0 no
987786987.0 no
527201211.0 no
647812846.0 no
615617902.0 no
401722652.0 no
1021803358.0 no
1795842716.0 no
1060213744.0 no
1303539061.0 no
615002116.0 no
474025032.0 no
1716295191.0 no
2284892730.0 no
308217278.0 no
2314269866.0 no
1297293156.0 no
603756047.0 no
2581439894.0 no
521325871.0 no
847169353.0 no
889074065.0 no
1735026718.0 no
2488776543.0 no
2350268100.0 no
918557389.0 no
1707072897.0 no
1076204191.0 no
543218432.0 no
1626063366.0 no
359470878.0 no
保存批次 9 的处理结果...
2446394121.0 no
854035296.0 no
1703454941.0 no
995821346.0 no
568867731.0 no
509257539.0 no
2537874990.0 no
2446529477.0 no
858268080.0 no
1795697272.0 no
916821637.0 no
1423398884.0 no
2446111576.0 no
2292200612.0 no
1338381310.0 no
1479130836.0 no
1299679369.0 no
1326078875.0 no
2298035942.0 no
1045238343.0 no
1262238054.0 no
1085537605.0 no
2446202679.0 no
1408327976.0 no
852472868.0 no
891466461.0 no
1277545967.0 no
1126402833.0 no
2363509510.0 no
1455415511.0 no
1141055261.0 no
535925280.0 no
1439675050.0 no
1275575331.0 no
1111221220.0 no
1022213317.0 no
1090290929.0 no
2036462434.0 no
1649179701.0 no
529935338.0 no
2544618007.0 no
1468544124.0 no
425097541.0 no
749311443.0 no
2119621064.0 no
2436263062.0 no
1605704705.0 no
2394831119.0 no
1087180214.0 no
1603460676.0 no
保存批次 10 的处理结果...
2101410078.0 no
1085727815.0 no
2037869480.0 no
883390013.0 no
1963419886.0 no
1469832917.0 no
1654307459.0 no
2037892640.0 no
879022989.0 no
1798739885.0 yes_b
394172950.0 no
1340614544.0 no
1047391475.0 no
951791909.0 no
994842161.0 no
1446496463.0 no
1032433672.0 no
553083552.0 no
2038153071.0 no
451750273.0 no
2033182490.0 no
2569422064.0 no
712489365.0 no
1754146364.0 no
1689959610.0 no
896079724.0 no
2529229739.0 no
1674367674.0 no
2636148970.0 no
1030609242.0 no
480409911.0 no
1755260668.0 no
2110727966.0 no
1398426199.0 no
1647018993.0 no
506906800.0 no
2457645605.0 no
397439775.0 no
388751792.0 no
313553144.0 no
1626547386.0 no
1256318762.0 no
1329712735.0 no
2325876519.0 no
1290144098.0 no
1256770408.0 no
1712470698.0 no
1748877192.0 no
978144932.0 no
1375901914.0 no
保存批次 11 的处理结果...
679909490.0 no
1296498841.0 no
658771589.0 no
1136014644.0 no
1626331505.0 no
760808567.0 no
2577333558.0 no
1626026379.0 no
720568262.0 no
2435826147.0 no
2410662908.0 no
2500782390.0 no
1639459535.0 no
2455316827.0 no
396852076.0 no
2491998159.0 no
1121000697.0 no
591347467.0 no
1954756103.0 no
1703842428.0 no
1642077033.0 no
698420060.0 no
1109304394.0 no
433261633.0 no
1752044901.0 no
799567285.0 no
540839460.0 no
915897709.0 no
2529207480.0 no
921662538.0 no
375619270.0 no
1059319835.0 no
569164584.0 no
550928447.0 no
620115920.0 no
2300469567.0 no
747044176.0 no
1451618171.0 yes_b
2529208022.0 no
790163397.0 no
480732612.0 no
1139054339.0 no
2433708955.0 no
565905337.0 no
1852975153.0 no
2437862013.0 no
2550071360.0 no
1179787411.0 no
681454884.0 no
2529200495.0 no
保存批次 12 的处理结果...
1455823218.0 no
1776176099.0 no
2567361605.0 no
1054472731.0 no
2493112171.0 no
2493645669.0 no
2139847149.0 no
1188430576.0 no
2593131907.0 no
2471590321.0 no
2398275055.0 no
613881937.0 no
373940933.0 no
2493516532.0 no
417165819.0 no
1045196809.0 no
515129271.0 no
2453750281.0 no
2447515135.0 no
706567728.0 no
2368750131.0 no
2491901516.0 no
1004439957.0 no
1499388882.0 no
1761314547.0 yes_b
1355209014.0 no
647829782.0 no
2581554524.0 no
2139364671.0 no
1332087037.0 no
514503510.0 no
751368804.0 no
2138296543.0 no
1004998499.0 no
522519373.0 no
1011932587.0 no
2113129748.0 no
2138486862.0 no
606081613.0 no
1413879150.0 no
2487695894.0 no
1469071045.0 no
1470374361.0 no
2251602497.0 no
1665683508.0 no
1659385090.0 no
1824546111.0 no
1138410572.0 no
654510877.0 no
861946787.0 no
保存批次 13 的处理结果...
1997625494.0 no
1682887743.0 no
572139849.0 no
1308735950.0 no
2036213192.0 no
323941832.0 no
2037553795.0 no
1454201147.0 no
1651097930.0 no
1626679282.0 no
1638757111.0 no
722113708.0 yes_b
1897708844.0 no
2408514268.0 no
381330183.0 no
1626563058.0 no
448470225.0 no
2480554056.0 no
2486698735.0 no
1626552240.0 no
2307433093.0 no
1434701134.0 no
2298020954.0 no
1380228669.0 no
1611060972.0 no
2397112821.0 no
1640327676.0 no
449071632.0 no
709914086.0 no
2446349189.0 no
2446165719.0 no
1629739355.0 no
1399321562.0 no
1039573376.0 no
691955786.0 no
1211538075.0 no
2343212283.0 no
809909949.0 yes_b
2620633950.0 no
679076490.0 no
1080434186.0 no
2446372936.0 no
2446559535.0 no
1033500479.0 no
1819097072.0 no
2314270226.0 no
1063709289.0 no
1459990751.0 no
538767089.0 no
2529585928.0 no
保存批次 14 的处理结果...
1313170268.0 no
1259786098.0 no
2463928688.0 no
2533149548.0 no
903293981.0 no
823378403.0 no
331640792.0 no
2278898577.0 no
2334631719.0 no
1041315621.0 no
2538251627.0 no
1779372210.0 no
2153850474.0 no
331066829.0 no
771484933.0 no
1621601318.0 no
2007706041.0 no
505328325.0 no
1604196553.0 no
1782465685.0 no
809290666.0 no
822412453.0 no
1603552717.0 no
508147931.0 no
607078117.0 no
2542360265.0 no
501907472.0 no
761133661.0 no
1193179576.0 no
974889590.0 no
2504544771.0 no
1447370884.0 no
874797653.0 no
1039026706.0 no
310286498.0 no
1030813264.0 no
704629417.0 no
1438670861.0 no
2197042907.0 no
1068229841.0 no
456984794.0 no
2483750039.0 no
623532352.0 no
588881620.0 no
2506519690.0 no
1043750946.0 no
2014124644.0 no
2403369114.0 no
694051113.0 no
448369363.0 no
保存批次 15 的处理结果...
2208463018.0 no
1421409341.0 no
924646092.0 no
1335752223.0 no
2624208566.0 no
430325436.0 no
2458925660.0 no
1063608948.0 no
1213404907.0 no
2038273159.0 no
1341396566.0 no
2037779761.0 no
312914099.0 no
1238837607.0 no
2221457295.0 no
2036176238.0 no
2251923104.0 no
1001974125.0 no
326415863.0 no
1072836437.0 no
2188366637.0 no
502394445.0 no
2326142898.0 no
555792675.0 no
374986924.0 no
1417042470.0 no
1298980339.0 no
1615686078.0 no
2280743367.0 no
703854051.0 no
1069527104.0 no
523362660.0 no
695955985.0 no
2085372382.0 no
697470681.0 no
439885413.0 no
580482161.0 no
1982227693.0 no
1501739141.0 no
881112329.0 no
2304572281.0 no
436863442.0 no
2404005395.0 no
2635945158.0 no
1506322070.0 no
1115944122.0 no
1878131382.0 no
2423216109.0 no
1363508878.0 no
1004622880.0 no
保存批次 16 的处理结果...
533538431.0 no
1732013798.0 no
529382269.0 no
536695211.0 no
1450892774.0 no
1750717305.0 no
381327548.0 no
1607845937.0 no
1446629723.0 no
601669805.0 no
2380513490.0 no
2284677073.0 no
2443028305.0 no
1816047865.0 no
1626547893.0 no
475258568.0 no
1011235525.0 no
1457494964.0 no
1332430404.0 no
2294417160.0 no
445307942.0 no
1399289481.0 no
2452903606.0 no
797716198.0 no
879019918.0 no
1631886020.0 no
1347690700.0 no
1839755761.0 no
2528446419.0 no
2529242795.0 no
1096431876.0 no
1472843314.0 no
385569064.0 no
2108427954.0 no
2207484386.0 no
1947117829.0 no
763563502.0 no
628868273.0 no
566091361.0 no
1047273953.0 no
2040297527.0 no
1466008155.0 no
2529226548.0 no
2529223694.0 no
482650033.0 no
1626563307.0 no
886485690.0 no
1108115782.0 no
461359429.0 no
1044838546.0 no
保存批次 17 的处理结果...
2494419343.0 no
2493639744.0 no
2619742234.0 no
594242241.0 no
2492861429.0 no
1468601099.0 no
516156703.0 no
2527892347.0 no
2494029795.0 no
367712377.0 no
2581367059.0 no
1468601390.0 no
2445585548.0 no
1266511964.0 no
2389893991.0 no
1611493586.0 no
2432091289.0 no
2444971670.0 no
1461588364.0 no
1073834160.0 no
1689498711.0 no
1328051067.0 no
1032545142.0 no
537835326.0 no
2446459541.0 no
1818528864.0 no
324195456.0 no
2446116994.0 no
1816176899.0 yes_b
2443206951.0 no
1069425381.0 no
1421656213.0 no
558135798.0 no
1263611508.0 no
787644119.0 no
831599061.0 no
1420978712.0 no
2435217664.0 no
1447246003.0 no
2037628836.0 no
1750132264.0 no
685707943.0 no
1625716512.0 no
2240593314.0 no
1237434424.0 no
2037337928.0 no
357850347.0 no
1681426436.0 no
773902008.0 no
1722950554.0 no
保存批次 18 的处理结果...
1682283465.0 no
1130323334.0 no
1822484438.0 no
1063371304.0 no
437251996.0 no
1690992792.0 no
2037821705.0 no
1427542761.0 no
2475655762.0 no
1812011128.0 no
1768281357.0 no
2234090069.0 no
1459935404.0 no
2402126107.0 no
1693411992.0 no
395901805.0 no
1322176477.0 no
1975330365.0 no
2080085130.0 no
1440689559.0 no
812822100.0 no
1044427420.0 no
1159456523.0 no
1457160339.0 no
2444648017.0 no
1007073246.0 no
2067733430.0 no
1627298936.0 no
1074299831.0 no
837083080.0 no
1000016104.0 no
1185640973.0 no
588255036.0 no
820610620.0 no
1975269103.0 no
2143115227.0 no
503692183.0 no
1670722059.0 no
1472825335.0 no
2621575907.0 no
2541788045.0 no
1635212662.0 no
1334989296.0 no
848105086.0 no
2513076091.0 no
683796225.0 no
601438761.0 no
2332905908.0 no
2298155642.0 no
474105882.0 no
保存批次 19 的处理结果...
448619591.0 no
700307408.0 no
603760287.0 no
1001427373.0 no
686000992.0 no
455962159.0 no
445333435.0 no
866163784.0 no
2389592280.0 no
1632426005.0 no
920136673.0 no
946716192.0 no
529687696.0 no
622490518.0 no
1180564187.0 no
788540123.0 no
389602307.0 no
635761649.0 no
622934088.0 no
1155154436.0 no
1774842549.0 no
2512382555.0 no
2425522228.0 no
1340820240.0 no
1814816655.0 no
1743970187.0 no
1729606583.0 no
344130098.0 no
1664928148.0 no
1940902517.0 no
322604055.0 no
2308045942.0 no
1684731782.0 no
1818778557.0 no
1469282897.0 no
1468592577.0 no
1049211955.0 no
746984193.0 no
1011455157.0 no
2150530778.0 no
1818563411.0 no
505274455.0 no
479166337.0 no
511495466.0 no
2187857696.0 no
2485258524.0 no
511400674.0 no
1137377392.0 no
1814594025.0 no
2590395141.0 no
保存批次 20 的处理结果...
2621632415.0 no
2186516905.0 no
2194473577.0 no
2621635036.0 no
2621526126.0 no
1159824043.0 no
1902933110.0 no
2528658885.0 no
1451642041.0 no
2621639256.0 no
1695478880.0 no
1337714223.0 no
1933822465.0 no
1448539702.0 no
366160365.0 no
2111711263.0 no
508810431.0 no
1170458437.0 no
1879719161.0 no
735505476.0 no
2542828158.0 no
2085737321.0 no
2621640645.0 no
2621640180.0 no
1756755441.0 no
798722325.0 no
2621639041.0 no
2113008890.0 no
691594079.0 no
1495006975.0 no
1854058310.0 no
1430384820.0 no
645474532.0 no
1865012724.0 no
432304894.0 no
2107108143.0 no
1712358114.0 no
2483701723.0 no
1355204176.0 no
1347932769.0 no
1871500519.0 no
1972460360.0 no
651588153.0 no
2178913941.0 no
1748208090.0 no
1700122631.0 yes_b
1977027264.0 no
1462433020.0 no
1267937054.0 no
1769266767.0 no
保存批次 21 的处理结果...
1729939310.0 no
1627302036.0 no
2083887975.0 no
1627296944.0 no
508065287.0 no
2550571685.0 no
2452616595.0 no
1639355723.0 no
894063687.0 no
2036301320.0 no
1740359836.0 no
1626554886.0 no
1783100619.0 no
1767779353.0 yes_b
530465420.0 no
638127597.0 no
2039109354.0 no
2037647043.0 no
437303896.0 no
2467972828.0 no
822555591.0 no
2532742537.0 no
2479516229.0 no
1300859908.0 no
718148496.0 no
1376413615.0 no
509973711.0 no
2480812803.0 no
1655439052.0 no
842466871.0 no
720244730.0 no
2451542603.0 no
667261104.0 no
304514639.0 no
1760469443.0 no
1454618846.0 no
570774493.0 no
938414534.0 no
2282834109.0 no
1083598102.0 no
2635779056.0 no
1073165121.0 no
2068981996.0 no
598286344.0 no
1807111342.0 yes_b
680763347.0 no
1473342347.0 no
1006536271.0 no
2366408265.0 no
2613388093.0 no
保存批次 22 的处理结果...
831254280.0 no
2231260853.0 no
1625131112.0 no
1869295552.0 no
1980845078.0 no
2446182396.0 no
1098471150.0 no
2017349986.0 no
294124332.0 no
2448619297.0 no
2281544772.0 no
1849273043.0 no
358944309.0 no
2446304592.0 no
2283261660.0 no
1036454286.0 no
1458938626.0 no
2446472175.0 no
2445862205.0 no
2452193647.0 no
2544313619.0 no
1621819215.0 no
2429856474.0 no
1428556678.0 no
2534655496.0 no
1023376989.0 no
364355023.0 no
2529268788.0 no
2455710887.0 no
459897947.0 no
2527692466.0 no
2526937547.0 no
1635962833.0 no
564017553.0 no
2419687515.0 no
491914462.0 no
811534439.0 no
2527646348.0 no
2529218732.0 no
2210082741.0 no
2493369506.0 no
1318956938.0 no
1001004131.0 no
955672249.0 no
1319735100.0 no
2529253908.0 no
907528087.0 no
2526819189.0 no
2159927641.0 no
998127509.0 no
保存批次 23 的处理结果...
537776265.0 no
2424709624.0 no
655873691.0 no
1180331949.0 no
1311519254.0 no
1822507761.0 yes_b
1603491935.0 no
640848405.0 no
421065495.0 no
2516614727.0 no
1049127682.0 no
1680736695.0 no
2478294838.0 no
915514657.0 no
2406114545.0 no
1439135402.0 no
1698109568.0 yes_b
1627267079.0 no
1972018943.0 no
2444579550.0 no
432074024.0 no
1462585693.0 no
854043323.0 no
824380562.0 no
1398001546.0 no
2472345084.0 no
2428000761.0 no
2415242284.0 no
2417296346.0 no
1022675014.0 no
541388497.0 no
763019997.0 no
386366413.0 no
2568882326.0 no
1327099516.0 no
522845613.0 no
435720565.0 no
1340317281.0 no
1063744030.0 no
1632132757.0 no
1691564841.0 no
2037577321.0 no
1196911504.0 no
1443873644.0 no
435278082.0 no
2037784455.0 no
2036134195.0 no
784649061.0 no
1889065325.0 no
588976600.0 no
保存批次 24 的处理结果...
2568209636.0 no
336313186.0 no
566715169.0 no
2037498075.0 no
668500322.0 no
2450171901.0 no
2447844355.0 no
2226830222.0 no
344836443.0 no
503297107.0 no
1302974361.0 no
2300472352.0 no
2392603648.0 no
2381637986.0 no
1509674701.0 no
2448153060.0 no
883133659.0 no
2164628920.0 no
2393712357.0 no
708599494.0 no
1894930188.0 no
2091455871.0 no
1468565339.0 no
1416430584.0 no
1350796240.0 no
532250761.0 no
362673641.0 no
2126634662.0 no
1706685221.0 no
1362751114.0 yes_b
375124865.0 no
1060873441.0 no
2123203300.0 no
505065221.0 no
2579772174.0 no
1437824263.0 no
2100975674.0 no
2445224774.0 no
1470392069.0 no
2536449719.0 no
2327342649.0 no
2450767643.0 no
2121301704.0 no
1092856021.0 no
619217390.0 no
496951885.0 no
595629608.0 no
1638128944.0 no
1627300126.0 no
2547443823.0 no
保存批次 25 的处理结果...
2526982291.0 no
817000543.0 no
1628516630.0 no
405744606.0 no
1389782041.0 no
821013963.0 no
2153249427.0 no
684115872.0 no
1105234849.0 no
2361718497.0 no
797201271.0 no
1134224469.0 no
1348507931.0 no
2279301908.0 no
952556806.0 no
471555559.0 no
1313677026.0 no
730601417.0 no
485053131.0 no
620826936.0 no
1446600165.0 no
865190938.0 no
1255001007.0 no
924564209.0 no
2276788955.0 no
1019671570.0 no
2218784532.0 no
2251694148.0 no
1700626402.0 no
1623781976.0 no
1032715996.0 no
987086923.0 no
483138088.0 no
391886595.0 no
2446851108.0 no
810071788.0 no
473543215.0 no
1454906652.0 no
1377857067.0 no
575660045.0 no
510800662.0 no
533657610.0 no
2528332932.0 no
374829449.0 no
1497242064.0 no
2491670238.0 no
764624317.0 no
661686819.0 no
1016967130.0 no
2533594484.0 no
保存批次 26 的处理结果...
364250992.0 no
2593364461.0 no
818975696.0 no
690476260.0 no
1050562760.0 no
2482855785.0 no
1417611669.0 no
434551307.0 no
1065948272.0 no
1039221771.0 no
665495456.0 no
1135315127.0 no
2636046988.0 no
1620576291.0 no
2635821646.0 no
1120640488.0 no
394506566.0 no
2484822127.0 no
1826390284.0 yes_b
1452608233.0 no
2466203931.0 no
1640629985.0 no
764699747.0 no
1061569006.0 no
1861670868.0 no
804867505.0 no
1608631497.0 no
2446469560.0 no
2446041937.0 no
1318702806.0 no
509833174.0 no
1331017336.0 no
2187264757.0 no
2445366431.0 no
2446469404.0 no
605300274.0 no
1011898993.0 no
2115060823.0 no
432555219.0 no
2037559929.0 no
448946468.0 no
2636067284.0 no
2295924857.0 no
1071423402.0 no
1789782789.0 yes_b
1306846803.0 no
1816843763.0 no
1814465236.0 no
1321956755.0 no
1321985656.0 no
保存批次 27 的处理结果...
1899200695.0 no
2481361954.0 no
2481669140.0 no
460144472.0 no
1628103272.0 no
315577381.0 no
984450567.0 no
1692445387.0 no
1628177827.0 no
2298372831.0 no
429507179.0 no
2353788298.0 no
615513082.0 no
384914673.0 no
1040100969.0 no
936683669.0 no
1627852793.0 no
1769365854.0 no
1450500959.0 no
1145821036.0 no
1628330384.0 no
402259641.0 no
1627294883.0 no
1506069524.0 no
514502910.0 no
2438608976.0 no
1936011334.0 no
1126068230.0 no
826090132.0 no
1050549071.0 no
2307396242.0 no
1337816884.0 no
452621754.0 no
1341698108.0 no
2103940207.0 no
1450872994.0 no
2534216943.0 no
1779604337.0 yes_b
926724981.0 no
375068329.0 no
389369873.0 no
518247491.0 no
426990632.0 no
842583992.0 no
469899564.0 no
1119397146.0 no
2502637501.0 no
2493150375.0 no
1433661726.0 no
1650640677.0 no
保存批次 28 的处理结果...
1065435801.0 no
2108197025.0 no
2492249890.0 no
2611641057.0 no
1418328290.0 no
2535210577.0 no
1350103700.0 no
2494415839.0 no
1627225924.0 no
1379210088.0 no
2061307172.0 no
1733888050.0 no
687810126.0 no
2455052498.0 no
2340244628.0 no
396091216.0 no
2529300559.0 no
1690153934.0 no
2529268616.0 no
2139963868.0 no
2267427554.0 no
1697602657.0 no
2529260516.0 no
1452073620.0 no
2530784593.0 no
2491928323.0 no
2492035873.0 no
1058652859.0 no
1940932680.0 no
1753994648.0 no
674994987.0 no
501035476.0 no
2388531236.0 no
388548256.0 no
2569764423.0 no
2469295683.0 no
1343266452.0 no
1099669555.0 no
2529787338.0 no
2558120222.0 no
1036222478.0 no
999484676.0 no
2302980633.0 no
725237204.0 no
375548796.0 no
1995090775.0 no
1628885725.0 no
770466935.0 no
1434623306.0 no
1200949952.0 no
保存批次 29 的处理结果...
798094312.0 no
2037808562.0 no
296403622.0 no
1095278944.0 no
2313374133.0 no
2472271827.0 no
1849311546.0 no
1212866854.0 no
919127925.0 no
1387630837.0 no
783906599.0 no
618467106.0 no
918834857.0 no
802563935.0 no
1773677563.0 no
1500970221.0 no
2037843394.0 no
2011670640.0 no
388739365.0 no
2616493749.0 no
442246046.0 no
1628477090.0 no
1818514643.0 yes_b
1833304213.0 no
462766003.0 no
2036534391.0 no
1459361524.0 no
1421383426.0 no
1170670123.0 no
574280838.0 no
640091038.0 no
1462502461.0 no
1611524444.0 no
1023991546.0 no
1120463483.0 no
893546938.0 no
1197224493.0 no
354652819.0 no
719368254.0 no
845557664.0 no
2465488980.0 no
2432874057.0 no
790093661.0 no
743048804.0 no
1015625658.0 no
287398179.0 no
1368403303.0 no
1075612145.0 no
468670540.0 no
1320942880.0 no
保存批次 30 的处理结果...
482505911.0 no
1503666394.0 no
660167716.0 no
2068550186.0 no
2089205061.0 no
1446950251.0 no
1294842384.0 no
324043241.0 no
894745247.0 no
2277154335.0 no
409471052.0 no
1468602801.0 no
881732724.0 no
802101377.0 no
618476976.0 no
1746476430.0 no
1326381762.0 no
475227476.0 no
631890058.0 no
1070527382.0 no
2470911625.0 no
507066780.0 no
1816585713.0 no
876636296.0 no
2140477596.0 no
2126773943.0 no
2139668953.0 no
2524009358.0 no
502315910.0 no
518918227.0 no
2139367594.0 no
341552316.0 no
421860186.0 no
2137704004.0 no
1937732437.0 no
2492774864.0 no
1296784921.0 no
1327344667.0 no
681867801.0 no
1104397680.0 no
2356950136.0 no
2446350727.0 no
1354340439.0 no
618748025.0 no
1631141073.0 no
1631113172.0 no
645032232.0 no
1434665718.0 no
2445530638.0 no
661688710.0 no
保存批次 31 的处理结果...
1315901249.0 no
2446280743.0 no
1220778512.0 no
2569435722.0 no
742671233.0 no
2529845825.0 no
650954791.0 no
2446505603.0 no
674657181.0 no
1369645159.0 no
759869493.0 no
613262049.0 no
1454808825.0 no
682528198.0 no
1972780892.0 no
1035959919.0 no
1685877136.0 no
1627388680.0 no
1365372148.0 no
2402756286.0 no
495546000.0 no
372763322.0 no
397080320.0 no
2312690185.0 no
2481429217.0 no
546690405.0 no
1073972413.0 no
511796075.0 no
1093909978.0 yes_b
1315626769.0 no
582618533.0 no
950702017.0 no
2292684356.0 no
2451411559.0 no
445587878.0 no
307297163.0 no
673963511.0 no
1436691328.0 no
648768543.0 no
2636090631.0 no
2027323671.0 no
1402723865.0 no
620111531.0 no
1113071360.0 no
387163165.0 no
1674959921.0 no
1469053210.0 no
1468600566.0 no
1058825216.0 no
1734169250.0 no
保存批次 32 的处理结果...
1934120145.0 no
1689891670.0 no
1336417799.0 no
2330071666.0 no
2058262685.0 no
413145818.0 no
2175804162.0 no
2037326336.0 no
1491199481.0 no
515213946.0 no
1067130219.0 no
2036209528.0 no
1104885205.0 no
1814671562.0 no
1622610633.0 no
1387562299.0 no
2285223340.0 no
626862763.0 no
1684506354.0 no
1660334874.0 no
354036809.0 no
1696837769.0 no
1124889301.0 no
2488525648.0 no
786287412.0 no
1306952763.0 no
1642437447.0 yes_b
1114136398.0 no
447688412.0 no
2250968279.0 no
1417819071.0 no
1755377127.0 no
852363437.0 no
1438895351.0 no
1441801471.0 no
1085235467.0 no
1813251694.0 yes_b
1357497544.0 no
2490791131.0 no
419998173.0 no
394391870.0 no
1452099018.0 no
854402080.0 no
1382651214.0 no
1338141778.0 no
532424758.0 no
1300846408.0 no
679583467.0 no
843402910.0 no
2492693349.0 no
保存批次 33 的处理结果...
1391862350.0 no
799644024.0 no
2534784420.0 no
935956419.0 no
1061432303.0 no
617966849.0 no
614790235.0 no
1369707341.0 no
1990854851.0 no
2491199708.0 no
1217156982.0 no
619697600.0 no
2531891919.0 no
2402241305.0 no
2049347446.0 no
2529283458.0 no
1131267597.0 no
1636242195.0 no
933587265.0 no
2209482460.0 no
1850545964.0 no
1361668029.0 no
2529263875.0 no
2529273134.0 no
375359992.0 no
2390851043.0 no
740385369.0 no
697379808.0 no
2455965311.0 no
1670022168.0 no
508504078.0 no
2579424430.0 no
372203601.0 no
2455590264.0 no
1448065962.0 no
1006803892.0 no
451777035.0 no
782489478.0 no
470506107.0 no
1635009631.0 no
1673200892.0 no
2433650811.0 no
2386951675.0 no
301145779.0 no
1032449357.0 no
1000796328.0 no
1985493119.0 no
2533786575.0 no
504995809.0 no
387283578.0 no
保存批次 34 的处理结果...
655166905.0 no
630151115.0 no
1451908717.0 no
2385871440.0 no
410720918.0 no
2036520268.0 no
983151307.0 no
1011363252.0 no
701790025.0 no
1752553755.0 no
2410044351.0 no
447014077.0 no
748202591.0 no
1127518924.0 no
1374339708.0 no
406519367.0 no
742592561.0 no
2529720439.0 no
319774570.0 no
1972429681.0 no
1030258528.0 no
1092358939.0 no
1713872664.0 no
366906897.0 no
2301317183.0 no
2479549122.0 no
1431892408.0 no
2010028735.0 no
1035866346.0 no
636373045.0 no
2418336700.0 no
2446143995.0 no
1347476324.0 no
1715197483.0 no
2360429290.0 no
1303535360.0 no
2446293844.0 no
2445420360.0 no
2356994248.0 no
1423142363.0 no
1426469859.0 no
839374412.0 no
847332182.0 no
819953134.0 no
1981246431.0 no
1321706189.0 no
2044926928.0 no
2418525132.0 no
2369074638.0 no
2473283296.0 no
保存批次 35 的处理结果...
581484719.0 no
1339033237.0 no
2025920581.0 no
2528625079.0 no
569100925.0 no
1654619274.0 no
2512650677.0 no
1497785240.0 no
1294794424.0 no
1817983089.0 no
1318873299.0 no
1491408011.0 no
484125561.0 no
453478327.0 no
1661470614.0 no
1463440751.0 no
829176461.0 no
2530322144.0 no
1648187745.0 no
2344418815.0 no
716579499.0 no
1414304863.0 no
2612068256.0 no
2531868926.0 no
299889752.0 no
1263286846.0 no
1156906118.0 no
1318346813.0 no
525180687.0 no
2210219663.0 no
1362945075.0 no
732545586.0 no
620030530.0 no
412788213.0 no
1331727552.0 no
1363571567.0 no
991880980.0 no
1375816846.0 no
2583004775.0 no
729353657.0 no
1379690309.0 no
1469103074.0 no
327678222.0 no
509580689.0 no
774192241.0 no
1297643082.0 no
757488449.0 no
827153574.0 no
619174555.0 no
1465624669.0 no
保存批次 36 的处理结果...
1750843462.0 no
453049214.0 no
1746425470.0 no
2081666551.0 no
448694153.0 no
2141001421.0 no
313460950.0 no
2322392108.0 no
2139414258.0 no
733307121.0 no
1467787730.0 no
650570750.0 no
1957047782.0 no
2141619591.0 no
2526062642.0 no
1446700042.0 no
2326540624.0 no
595946462.0 no
632883723.0 no
1424987884.0 no
468297254.0 no
2478981839.0 no
2083922968.0 no
2018773720.0 no
1370299863.0 yes_b
2494656516.0 no
1367182608.0 no
2493631035.0 no
1423046194.0 no
2298210046.0 no
926683985.0 yes_b
1106188615.0 no
384540852.0 no
2523061614.0 no
1631121971.0 no
1359612923.0 no
375052114.0 no
1202099053.0 no
517551371.0 no
2530759514.0 no
1881383296.0 no
535033018.0 no
522871002.0 no
1610967938.0 no
535345841.0 no
1070633876.0 no
871265788.0 no
274722974.0 no
347286473.0 no
2037452598.0 no
保存批次 37 的处理结果...
445834585.0 no
795376481.0 no
374972879.0 no
403322644.0 no
2037598839.0 no
1331811423.0 no
661810338.0 no
1318774645.0 no
1333037151.0 no
358018243.0 no
537675208.0 no
2476964517.0 no
2413276249.0 no
2636061994.0 no
1455854697.0 no
1257947118.0 no
1106534026.0 no
1243424677.0 no
579199871.0 no
1419743718.0 no
544050772.0 no
2385385939.0 no
812265040.0 no
319067510.0 no
1180339851.0 no
2635785497.0 no
1449820190.0 no
1996410168.0 no
1661547779.0 no
1424692372.0 no
647643871.0 no
1457711564.0 no
375409124.0 no
2548538996.0 no
2221476142.0 no
723391282.0 no
728280675.0 no
1908609443.0 no
2548786442.0 no
780980466.0 no
1220072540.0 no
1451466218.0 no
398203133.0 no
1442908004.0 no
437905904.0 no
712118303.0 no
1629727002.0 no
2094299961.0 no
664808537.0 yes_b
395959321.0 no
保存批次 38 的处理结果...
2572913911.0 no
2528907706.0 no
616397543.0 no
2493014385.0 no
2527846264.0 no
2536308845.0 no
2494435753.0 no
2494517425.0 no
2528608837.0 no
2479788892.0 no
2492991332.0 no
2534595711.0 no
2527202165.0 no
2565247237.0 no
1327251701.0 no
2331639440.0 no
1621142899.0 no
1623016741.0 no
745375720.0 no
2527012648.0 no
663887171.0 no
1384270549.0 no
2443412290.0 no
629615522.0 no
2492995086.0 no
1503747396.0 no
2474615588.0 no
868340792.0 no
2492175489.0 no
1471068491.0 no
1940417046.0 no
489151131.0 no
2533793654.0 no
1338047373.0 no
821725645.0 no
1424211259.0 no
2527185843.0 no
2493262084.0 no
1498122522.0 no
1115564815.0 no
1081005045.0 no
2445451929.0 no
556784737.0 no
2529279649.0 no
838079477.0 no
2527839187.0 no
1971954279.0 no
1072368023.0 no
2529283240.0 no
1197618531.0 no
保存批次 39 的处理结果...
504257328.0 no
431720250.0 no
2529283837.0 no
602645505.0 no
2446467257.0 no
2446393136.0 no
483010689.0 no
611464889.0 no
2455399220.0 no
2446312634.0 no
1339898127.0 no
769379050.0 yes_b
1449620613.0 no
433923849.0 no
1744534176.0 yes_b
548922332.0 no
315822096.0 no
2418081838.0 no
1414476556.0 no
562107652.0 no
2556259115.0 no
552416017.0 no
2387684466.0 no
711902527.0 no
1077618405.0 no
536053031.0 no
2036243812.0 no
1321972044.0 no
1605683400.0 no
2193185301.0 no
2124371911.0 no
2036404753.0 no
1395731590.0 no
658346036.0 no
2437671104.0 no
1741952340.0 no
1945048171.0 no
2194551733.0 no
1461468640.0 no
915430577.0 no
1464674442.0 no
1434119158.0 no
2287836842.0 no
1393869829.0 no
1734987634.0 no
454886074.0 no
2046651666.0 no
2298250647.0 no
1636700277.0 no
777320132.0 no
保存批次 40 的处理结果...
1519475785.0 no
1513400830.0 no
1972009671.0 no
1633573941.0 no
595310082.0 no
459880533.0 no
651390092.0 no
2251836276.0 no
1972828399.0 no
990136116.0 no
1326994477.0 no
697891702.0 no
1999874177.0 no
671567575.0 no
1803554678.0 no
2322099487.0 no
1638053925.0 no
2457307741.0 no
1658029913.0 no
1605664663.0 no
389539278.0 no
711486830.0 no
1632656112.0 no
1631958937.0 no
2229247126.0 no
1094758655.0 no
901372941.0 no
658141483.0 no
716805267.0 no
462932497.0 no
505288103.0 no
2353651724.0 no
1354750901.0 no
402266339.0 no
585991917.0 no
1698490154.0 no
2184811955.0 no
476325679.0 no
1472402260.0 no
380832937.0 no
1339100280.0 no
2478421251.0 no
1459059647.0 no
1794941198.0 yes_b
615301182.0 no
682475135.0 no
544636729.0 no
1340168054.0 no
1416718070.0 no
1156995247.0 no
保存批次 41 的处理结果...
357288920.0 no
374085663.0 no
1858280506.0 no
755297026.0 no
2506977247.0 no
1277720636.0 no
1361313157.0 no
1292978045.0 no
1388738938.0 no
651359634.0 no
481771379.0 no
1086733200.0 no
738266290.0 no
1049596262.0 no
458908157.0 no
2590931399.0 no
1479395803.0 no
1445054877.0 no
1386253250.0 no
907519216.0 no
578878343.0 no
1702532447.0 no
1927965273.0 no
475943068.0 no
371983976.0 no
2115280809.0 no
1301965113.0 no
396180258.0 no
763152975.0 no
2510827412.0 no
2470020090.0 no
623871456.0 no
2341992561.0 no
1044418111.0 no
1681752736.0 no
1701740983.0 no
2037442891.0 no
800122972.0 no
1811758435.0 no
457323340.0 no
637073855.0 no
1819631643.0 no
2036240158.0 no
2109792395.0 no
2037201061.0 no
674115291.0 no
709578277.0 no
2037572795.0 no
1449704149.0 no
1817354558.0 no
保存批次 42 的处理结果...
1867057079.0 no
1602471026.0 yes_b
2501543661.0 no
2512801107.0 no
946580592.0 no
2575240282.0 no
884303244.0 no
2301892265.0 no
868123704.0 no
2333633678.0 no
1346767014.0 no
416184989.0 no
597502608.0 no
632699992.0 no
1081240543.0 no
801680629.0 no
2360812068.0 no
2281320228.0 no
1821644312.0 no
2579687082.0 no
1460902191.0 no
572679045.0 no
613945247.0 no
2491887304.0 no
370373869.0 no
1329725560.0 no
1468888678.0 no
1135949374.0 no
2492527069.0 no
2533979309.0 no
2463913089.0 no
2327008873.0 no
826984498.0 no
2492526772.0 no
1328633159.0 no
2526895332.0 no
1611014673.0 no
2446544714.0 no
2258930924.0 no
2523442914.0 no
2426127264.0 no
2363575695.0 no
1465754324.0 no
2536503385.0 no
2446548557.0 no
2445754215.0 no
1212036458.0 no
942638288.0 no
2446226285.0 no
880143933.0 no
保存批次 43 的处理结果...
2552624221.0 no
1052264633.0 no
901187922.0 no
1345978304.0 no
1637235246.0 no
1748952944.0 no
1901436501.0 no
2313613347.0 no
1035675189.0 no
1329337436.0 no
1338926807.0 no
2292618190.0 no
1818027645.0 no
627836866.0 no
1014576648.0 no
1345340171.0 no
1074661298.0 no
1308515200.0 no
526033172.0 no
1077163492.0 no
1077551257.0 no
2512862001.0 no
1422129309.0 no
1019804596.0 no
1623308183.0 yes_b
669237839.0 no
1061167007.0 no
1721214302.0 no
2549292473.0 no
1054923117.0 no
824369637.0 no
1360823121.0 no
1077550976.0 no
364850923.0 no
2332041176.0 no
1345546322.0 no
998323978.0 no
706546164.0 no
765633527.0 no
1339826646.0 no
478385094.0 no
2213577562.0 no
1188448571.0 no
1004153120.0 no
1421901560.0 no
2529283417.0 no
1093487957.0 no
728898959.0 no
2569572606.0 no
547385325.0 no
保存批次 44 的处理结果...
1932515289.0 no
2541431215.0 no
2529287838.0 no
2529284768.0 no
1109181705.0 yes_b
1343559907.0 no
976642915.0 no
1450154428.0 no
1005711290.0 no
307030861.0 no
2376140295.0 no
468252789.0 no
2260635724.0 no
1758050031.0 no
2037563550.0 no
350784978.0 no
435350498.0 no
1459363130.0 no
903759495.0 no
741025634.0 no
1819934667.0 no
480643268.0 no
376816738.0 no
678174003.0 no
2037461097.0 no
674116282.0 no
945742347.0 no
427825766.0 no
1380584792.0 no
609995744.0 no
2441171234.0 no
2333161082.0 no
402882731.0 no
2353970287.0 no
1687229662.0 no
1961820545.0 no
1433641152.0 no
2037487063.0 no
1289641086.0 no
661245450.0 no
627645526.0 no
1421073916.0 no
314368520.0 no
2439016856.0 no
1856959993.0 no
749282234.0 no
2422636508.0 no
1457328124.0 no
1600962540.0 no
1677105054.0 no
保存批次 45 的处理结果...
1982200558.0 no
1346342971.0 no
1195914264.0 no
2376831369.0 no
1917884208.0 no
527142960.0 no
2484815452.0 no
508275496.0 no
1972195419.0 no
1100921305.0 no
1867598988.0 no
465063679.0 no
696690363.0 no
883983628.0 no
1839337340.0 no
555776888.0 no
1000909152.0 no
1135671244.0 no
663613442.0 no
2327198170.0 no
391877664.0 no
1328822369.0 no
1614590812.0 no
799842747.0 no
2355790700.0 no
1508871369.0 no
1729306165.0 no
2421270537.0 no
2508468571.0 no
2407685465.0 no
2249461383.0 no
721045401.0 no
2339010054.0 no
1108115772.0 no
2559155623.0 no
1946288190.0 no
1628101504.0 no
2052884026.0 no
2239408211.0 no
2468163878.0 no
1791708773.0 yes_b
1639267924.0 no
571801002.0 no
300498326.0 no
2529791840.0 no
1813722938.0 no
1450356032.0 no
1641983905.0 no
2529783850.0 no
572634755.0 no
保存批次 46 的处理结果...
1831156238.0 no
2072493741.0 no
1349853930.0 no
1469461445.0 no
1425004982.0 no
765889102.0 no
1330362308.0 no
1417060001.0 no
1419257894.0 no
621157706.0 no
1819367684.0 no
456104496.0 no
429674406.0 no
1365288829.0 no
848550458.0 no
406781215.0 no
1030694380.0 no
1212228695.0 no
1604897193.0 no
2551911992.0 no
976016021.0 no
2263030275.0 no
621360131.0 no
1349101395.0 no
1816233129.0 no
1145448976.0 no
2542450180.0 no
2155284131.0 no
1461318140.0 no
963022406.0 no
1095056908.0 no
643095654.0 no
1463890710.0 no
1119145636.0 no
1615377031.0 no
1134213662.0 no
497672480.0 no
360544458.0 no
2401476438.0 no
493163853.0 no
1818714293.0 no
2443587764.0 no
375254236.0 no
616593769.0 no
2499803631.0 no
1469738265.0 no
823239997.0 no
1723642952.0 no
1902207005.0 no
803597611.0 no
保存批次 47 的处理结果...
1678943495.0 no
1084866342.0 no
1816471714.0 no
1470464618.0 no
2446283727.0 no
2446493552.0 no
827633428.0 no
1469200448.0 no
376523005.0 no
1117307751.0 no
2312073466.0 no
680057635.0 no
1037262565.0 no
2144221683.0 no
691413726.0 no
2126398300.0 no
2141877657.0 no
1464489981.0 no
302500407.0 no
2059526654.0 no
1321954357.0 no
2138943846.0 no
1332898811.0 no
2372321943.0 no
2315645478.0 no
2529606008.0 no
2533820149.0 no
2327782765.0 no
1604299806.0 no
1080947096.0 no
1103912557.0 no
2493932069.0 no
2533793120.0 no
2492590346.0 no
1632266032.0 no
1438810440.0 no
1447279841.0 no
2529759698.0 no
2493179912.0 no
2527100811.0 no
2126521863.0 no
2405224616.0 no
2526820813.0 no
1632542504.0 no
2534328263.0 no
902323095.0 no
1489893517.0 no
1340087515.0 no
1444856190.0 no
1632747921.0 no
保存批次 48 的处理结果...
1341519618.0 no
1330365575.0 no
703883617.0 no
712539870.0 no
1430898307.0 no
448722411.0 no
395365027.0 no
415239089.0 no
1626432497.0 no
1233204582.0 no
574424129.0 no
1448685949.0 no
500762272.0 no
789436926.0 no
2349000086.0 no
1653427422.0 no
1349859277.0 no
1746721068.0 no
1810910631.0 no
552429166.0 no
1111221212.0 no
755086683.0 no
2508538706.0 no
799222148.0 no
544522147.0 no
1933822599.0 no
2282445619.0 no
493384846.0 no
2417986613.0 no
2392472242.0 no
507423586.0 no
1455106471.0 no
1498366130.0 no
1466102686.0 no
1902549123.0 no
2479892757.0 no
2292405532.0 no
1664171692.0 no
500367526.0 no
997805889.0 no
2462315005.0 no
2461638319.0 no
574351227.0 no
2469387012.0 no
1229585459.0 no
1222483293.0 no
1397167458.0 no
1361646402.0 no
2355420171.0 no
1456843320.0 no
保存批次 49 的处理结果...
2531867139.0 no
1449238966.0 no
1088187636.0 yes_b
398156098.0 no
1120088167.0 no
268614868.0 yes_b
325037237.0 no
2527780244.0 no
2411488980.0 no
1422858099.0 no
1494848505.0 no
2339543581.0 no
2493287604.0 no
1508042056.0 no
522671571.0 no
752912003.0 no
666966994.0 no
885764042.0 no
659652100.0 no
551596258.0 no
719071026.0 no
2529289759.0 no
2529309820.0 no
561891348.0 no
2529335507.0 no
1035182120.0 no
523764803.0 no
2326774585.0 no
588212537.0 no
1098014161.0 no
1362280537.0 no
870307457.0 no
1318740576.0 no
1628327940.0 no
438864166.0 no
1266886283.0 no
881858728.0 no
400965839.0 no
375508870.0 no
2495635527.0 no
359848242.0 no
2309570396.0 no
410093117.0 no
1451881313.0 no
2037427817.0 no
305305206.0 no
1634847918.0 no
1443434053.0 no
1717333231.0 no
2037487215.0 no
保存批次 50 的处理结果...
1454618008.0 no
1444802227.0 no
273777341.0 no
2407823658.0 no
688792527.0 no
1812640693.0 no
1234901547.0 no
2476869532.0 no
578082289.0 no
1443722037.0 no
1025806838.0 no
1298605545.0 no
389082465.0 no
615394264.0 no
2257062435.0 no
2465166067.0 no
2484128287.0 no
2320383929.0 no
2491148244.0 no
464022673.0 no
484221118.0 no
1319855827.0 no
1443255909.0 no
590590641.0 no
515830313.0 no
1145637219.0 no
2421406369.0 no
2380377022.0 no
2057615700.0 no
1135731129.0 no
677185972.0 no
1971352377.0 yes_b
1703912964.0 no
480557686.0 no
2579310436.0 no
2522519853.0 no
2552563301.0 no
2149970874.0 no
1077632650.0 no
1036525942.0 no
1629707599.0 no
368422728.0 no
686636482.0 no
2200643558.0 no
818516296.0 no
1818353451.0 no
678327650.0 no
2135294504.0 no
623955740.0 no
1739943775.0 no
保存批次 51 的处理结果...
1089104631.0 no
2416533768.0 no
843454747.0 no
1738848683.0 no
2156750160.0 no
868051375.0 no
281292286.0 no
873968078.0 no
2624443395.0 no
1485595655.0 no
394970943.0 no
706003269.0 no
1329904080.0 no
523255485.0 no
1434598637.0 no
2456104526.0 no
1387379139.0 no
2340176190.0 no
1464924852.0 no
361400542.0 no
2446416513.0 no
1969282305.0 no
2407785585.0 no
536264987.0 no
2432340777.0 no
771346784.0 no
1424039474.0 no
2446378229.0 no
2446186250.0 no
1395609595.0 no
1843276805.0 no
683997097.0 no
2405469834.0 no
618253980.0 no
510036371.0 no
1890293432.0 no
846288314.0 no
1422502807.0 no
2446446263.0 no
2447159026.0 no
467570231.0 no
754255868.0 no
1785770056.0 yes_b
510934620.0 no
732670815.0 no
1769316286.0 no
1057841519.0 no
795977500.0 no
309986881.0 no
817542950.0 no
保存批次 52 的处理结果...
2487902962.0 no
2489867348.0 no
977379913.0 no
2406068431.0 no
2375131863.0 no
1071582376.0 no
1468737541.0 no
2263039930.0 no
1098358762.0 yes_b
2206095417.0 no
438227713.0 no
2279905391.0 no
2529712024.0 no
2514681587.0 no
712727030.0 no
1424241537.0 no
877254915.0 no
1330602975.0 no
2067087502.0 no
1812105407.0 no
770435704.0 no
1036344085.0 no
373850309.0 no
308067159.0 no
2335928666.0 no
2310133565.0 no
361265975.0 no
2396860412.0 no
1106245700.0 no
404451648.0 no
1341871025.0 no
2343140323.0 no
1321829415.0 no
2036537803.0 no
813807658.0 no
1689721061.0 no
2082152269.0 no
2538767963.0 no
1818312002.0 no
480286331.0 no
2301146559.0 no
1778548388.0 yes_b
1422739882.0 no
2100337827.0 no
1682971988.0 no
523951471.0 no
1320018425.0 no
870168214.0 no
2529977435.0 no
2529672833.0 no
保存批次 53 的处理结果...
720083955.0 no
2611837613.0 no
1468068951.0 no
1634642600.0 no
2566256460.0 no
1086963401.0 no
675254227.0 no
1321952338.0 no
1506124164.0 no
2492240095.0 no
2492393984.0 no
1673857319.0 no
2492156001.0 no
2493019158.0 no
276736366.0 no
2571364694.0 no
914216098.0 no
2621566351.0 no
2534534928.0 no
1064882015.0 no
2493490669.0 no
527366838.0 no
1494647079.0 no
1674149726.0 no
1749838893.0 no
714042417.0 no
2526977595.0 no
2486752518.0 no
370951958.0 no
2621697816.0 no
1806935540.0 no
1812837124.0 no
1693042354.0 no
1076130992.0 no
1678110188.0 no
2160263751.0 no
1049542064.0 no
1438682310.0 no
2621683226.0 no
531572859.0 no
2527366228.0 no
1696840331.0 no
2593280584.0 no
377052016.0 no
2621694043.0 no
1320678812.0 no
2621691784.0 no
2477932114.0 no
1437903492.0 no
682709156.0 no
保存批次 54 的处理结果...
1447922575.0 no
2068787436.0 no
698667882.0 no
787492247.0 no
1355534010.0 no
1356124072.0 no
1644630190.0 no
2236359084.0 no
308172419.0 no
704250252.0 no
683134008.0 no
1431001078.0 no
1820457095.0 no
2337734338.0 no
1776500326.0 no
2007010415.0 no
2189889148.0 no
1016682052.0 no
871286520.0 no
2202188875.0 no
269090661.0 no
551392599.0 no
617181600.0 no
1012006753.0 no
2589815819.0 no
2595735231.0 no
491096393.0 no
1618861035.0 no
880922446.0 no
1341787010.0 no
333232935.0 no
2469676326.0 no
1206150605.0 no
1360070418.0 no
1083538472.0 no
1109330476.0 no
597232154.0 no
1094587261.0 no
607239888.0 no
476219084.0 no
1434547653.0 no
2261852515.0 no
1902373589.0 no
1610470119.0 no
873969127.0 no
2155778280.0 no
318616797.0 no
2214645034.0 no
1419861097.0 no
1445282127.0 no
保存批次 55 的处理结果...
1982227745.0 no
1337566702.0 no
675376234.0 no
2535883443.0 no
1670756169.0 no
392591709.0 no
1447927501.0 no
397235850.0 no
569969592.0 no
2529315059.0 no
2529337332.0 no
1372066866.0 no
1717901239.0 no
342720035.0 no
2037197353.0 no
2529329644.0 no
2038978799.0 no
1067350542.0 no
1497770681.0 yes_b
2035907535.0 no
1720113393.0 no
1602451824.0 no
2211977274.0 no
1042054093.0 no
459595161.0 no
1079711712.0 no
1816280246.0 yes_b
1384684286.0 no
1991001134.0 no
399224790.0 no
1628173494.0 no
1374897575.0 no
1152979090.0 no
1628676840.0 no
921076564.0 no
1312766092.0 no
2454014461.0 no
2279229518.0 no
421315551.0 no
2445301050.0 no
1508333183.0 no
2480329059.0 no
2036205542.0 no
365417629.0 no
1693754543.0 no
1419802618.0 no
1459114658.0 no
2312814951.0 no
404480537.0 no
2445815814.0 no
保存批次 56 的处理结果...
432033751.0 no
930591038.0 yes_b
2446285963.0 no
1122703893.0 no
627472055.0 no
1620516687.0 no
883903289.0 no
2492592949.0 no
2404147263.0 no
2446507411.0 no
1405410471.0 no
607740521.0 no
1094634231.0 no
1623077255.0 yes_b
1818231136.0 no
2621715832.0 no
870276337.0 no
825263482.0 no
1111221386.0 no
2427159255.0 no
1385415475.0 no
1041291081.0 no
1421510185.0 no
1321849345.0 no
1420911375.0 no
1470548191.0 no
815959329.0 no
700718024.0 no
1416991607.0 no
566045521.0 no
2164136726.0 no
1106987174.0 no
2422668381.0 no
2472958565.0 no
2077845485.0 no
830156308.0 yes_b
1345723868.0 no
685977225.0 no
2569289000.0 no
1206053779.0 no
1381299438.0 no
1777064502.0 no
1426974823.0 no
1252742872.0 no
648478702.0 no
2074960758.0 no
1182708097.0 no
632786373.0 no
514531322.0 no
1414300143.0 no
保存批次 57 的处理结果...
1706288136.0 no
1419980117.0 no
547534288.0 no
1517594407.0 no
2031586246.0 no
1026197283.0 no
2493020777.0 no
1073700434.0 no
848684217.0 no
1075779262.0 no
2228773780.0 no
1747554030.0 no
849892039.0 no
1626931811.0 no
1438198718.0 no
1426919854.0 no
2440311268.0 no
2320135254.0 no
2169427037.0 no
2324343148.0 no
805147549.0 no
918411272.0 no
1654468203.0 no
2568060381.0 no
2066823360.0 no
669073644.0 no
838797427.0 no
670280243.0 no
2437735199.0 no
2454779381.0 no
400022670.0 no
1672246998.0 no
1906776702.0 no
2039341724.0 no
1024660745.0 no
1049007403.0 no
1087611605.0 no
524869406.0 no
1995495420.0 no
1466163086.0 no
2043024424.0 no
604646996.0 no
2473345619.0 no
1392680992.0 no
2491180751.0 no
2034720452.0 no
2536053116.0 no
2037658223.0 no
1648394351.0 no
987889188.0 no
保存批次 58 的处理结果...
2530346997.0 no
2535741502.0 no
2036184975.0 no
1854189127.0 no
747958993.0 no
507224848.0 no
549323337.0 no
2526886061.0 no
2493245590.0 no
1400660311.0 no
1355974751.0 no
2493223096.0 no
1087212967.0 no
1000879417.0 no
1185568811.0 no
2626113141.0 no
1157333219.0 no
875095369.0 no
2166817828.0 no
1816493553.0 no
857954356.0 no
2142850779.0 no
725490539.0 no
2534067119.0 no
800194103.0 no
2523476553.0 no
2412636015.0 no
2066380820.0 no
1347695952.0 no
651535806.0 no
1245334260.0 no
1108788946.0 no
605821845.0 no
1292987151.0 no
751987356.0 no
576112015.0 no
1070371352.0 no
1771218381.0 no
2034124055.0 no
2307268187.0 no
1433199759.0 no
1632332152.0 no
1470381802.0 no
701731426.0 no
1387525877.0 no
1449446179.0 no
579870998.0 no
721376374.0 no
1820505788.0 no
304375073.0 no
保存批次 59 的处理结果...
1258039291.0 no
2434027477.0 no
1759749451.0 yes_b
1601230803.0 no
405382670.0 no
1623813342.0 no
2059219025.0 no
1681606516.0 no
1868539315.0 no
1670811996.0 no
1765056308.0 no
2404211272.0 no
2384325876.0 no
1434371537.0 no
470009644.0 no
1319738248.0 no
516976938.0 no
2483017929.0 no
1519053244.0 no
1144675321.0 no
1416182593.0 no
433187887.0 no
1661132878.0 no
532887538.0 no
2288661818.0 no
2529007144.0 no
577759829.0 no
1049451326.0 yes_b
939898116.0 no
2302925882.0 no
1646013190.0 no
839064638.0 no
2529449440.0 no
709786555.0 no
896731660.0 no
627322849.0 no
722096160.0 no
548968535.0 no
1821864783.0 no
814029117.0 no
528181930.0 no
985438514.0 no
1519178860.0 no
496222843.0 no
1736408638.0 no
2446341489.0 no
2446488425.0 no
1099335364.0 no
1123569996.0 no
2446331088.0 no
保存批次 60 的处理结果...
1854913360.0 yes_b
2529364364.0 no
1449690279.0 no
1110512400.0 no
2529364063.0 no
2528729745.0 no
390968374.0 no
291403938.0 no
1829209801.0 no
2446038563.0 no
618916241.0 no
1179609851.0 no
1110777041.0 no
2105314500.0 no
1686720506.0 no
435803339.0 no
1933798429.0 no
766230318.0 yes_b
1732422821.0 no
1721656777.0 no
1996835553.0 no
633712441.0 no
2358398027.0 no
2464577290.0 no
2480154931.0 no
2171912323.0 no
1674497026.0 yes_b
1995157742.0 no
1043371967.0 no
1762402068.0 no
2599044300.0 no
921976593.0 no
717249943.0 no
2510694138.0 no
370126927.0 no
2482692552.0 no
2172158689.0 no
1866955647.0 yes_b
1357169613.0 no
1601205607.0 no
747932874.0 no
2060456082.0 no
2041480997.0 no
2455372330.0 no
545015511.0 no
1005379111.0 no
1764218941.0 no
896139437.0 no
1741015968.0 no
1958109220.0 no
保存批次 61 的处理结果...
2200916932.0 no
2018645558.0 no
917408133.0 no
1489698826.0 no
1626548801.0 no
684519454.0 no
937673374.0 no
442150283.0 no
1844179456.0 no
1383572818.0 no
635008847.0 no
1436720718.0 no
2064080779.0 no
1750365917.0 no
2189228883.0 no
2481082651.0 no
2453340515.0 no
641089814.0 no
768203367.0 no
379908009.0 no
1629481202.0 no
1993860548.0 no
1454184122.0 no
1745119573.0 no
1071275015.0 no
1300861661.0 no
513201713.0 no
1363705781.0 no
1670854146.0 no
1682461200.0 no
1786076966.0 no
441488058.0 no
1808298691.0 yes_b
1066436674.0 no
619760069.0 no
1605182544.0 no
1729656563.0 no
658884299.0 no
2157264210.0 no
1459281584.0 no
2333094339.0 no
1729588275.0 no
1337093686.0 no
517996499.0 no
392212483.0 no
2197125781.0 no
2327228607.0 no
675484113.0 no
2239254115.0 no
2482852419.0 no
保存批次 62 的处理结果...
1649850448.0 yes_b
637701176.0 no
508092326.0 no
502928785.0 no
1441069299.0 no
1717605466.0 no
850388434.0 no
2526075228.0 no
2401343065.0 no
1702338717.0 no
649426655.0 no
619605337.0 no
602258365.0 no
2459032731.0 no
1019219784.0 no
1375722949.0 no
2465143844.0 no
346879995.0 no
1433862691.0 no
1334442803.0 no
2487375331.0 no
1324699476.0 no
1446470244.0 no
1266162445.0 no
594245606.0 no
1011430175.0 no
1070026165.0 no
1198096404.0 no
534706771.0 no
1034264365.0 no
1041586218.0 no
851714109.0 no
1972798880.0 no
1399615168.0 no
1509150770.0 no
1313697704.0 no
1994963754.0 no
2459225890.0 no
1719388101.0 no
1518108686.0 no
621151153.0 no
1717814899.0 no
2529618082.0 no
1258770628.0 no
1441018426.0 no
2137521362.0 no
707917325.0 no
1648838774.0 no
1705789272.0 no
1460362857.0 no
保存批次 63 的处理结果...
373523765.0 no
2533825396.0 no
2492644242.0 no
2226991608.0 no
1646421273.0 no
2528556693.0 no
1628325685.0 no
2170075647.0 no
335371225.0 no
1940841291.0 no
2490651945.0 no
1144437879.0 no
1030232199.0 no
1746484976.0 no
669525077.0 no
571284395.0 no
2527702369.0 no
1775062473.0 no
2492749137.0 no
2038060639.0 no
2176630920.0 no
685572833.0 no
817799298.0 no
1435117698.0 no
671292365.0 no
1968417610.0 no
2104705557.0 no
375144636.0 no
628728781.0 no
1472126533.0 no
1940077629.0 no
1474217377.0 no
1342612729.0 no
2472973417.0 no
2619278896.0 no
2446490042.0 no
389726839.0 no
1726714259.0 no
2445432047.0 no
315332216.0 no
1070585999.0 no
2446408367.0 no
2042065038.0 no
1339384320.0 no
1087905947.0 no
1062566508.0 no
2446499643.0 no
620552529.0 no
415369349.0 no
320559518.0 no
保存批次 64 的处理结果...
630135322.0 no
1337096199.0 no
1450361941.0 no
2329959342.0 no
2242103072.0 no
529400173.0 no
1309107833.0 no
787907386.0 no
777681364.0 no
946277335.0 no
579017232.0 no
798918194.0 no
1021372097.0 no
1028450240.0 no
390921969.0 no
985398502.0 no
2635732900.0 no
402325453.0 no
882657137.0 no
1686604899.0 no
2269110364.0 no
1446511721.0 no
794360527.0 no
900051071.0 no
1460832957.0 no
1620393547.0 no
832274193.0 no
545190823.0 no
831341097.0 no
827041415.0 no
817334985.0 no
645116172.0 no
476042297.0 no
672587467.0 no
保存批次 65 的处理结果...
所有pending广告处理完成！

2025-03-04 22:28:59,216 - INFO - 开始执行 result_analyze.py
2025-03-04 22:29:03,470 - INFO - result_analyze.py 执行成功
2025-03-04 22:29:03,470 - INFO - 输出: 正在读取数据文件...

status_code的详细信息:
第一行status_code的值: '404'
第一行status_code的类型: <class 'str'>
status_code的唯一值:
["'404'", "'301'", "'200'", "'308'", "'500'", "'504'"]

status_code的值分布:
status_code
404    17477
301    10956
200     6772
308     1501
500       23
504        1
Name: count, dtype: int64

status_code为200的行数: 6772
status_200_mask的前几个值: 0    False
1    False
2    False
3    False
4    False
Name: status_code, dtype: bool
status_code等于'200'的比较结果: 0    False
1    False
2    False
3    False
4    False
Name: status_code, dtype: bool

request_type的唯一值:
['首页/listing/vad/search' 'resume' 'get_resource' '不常用接口' 'unknow_categroy'
 'other']

调试信息:
is_valid_city的唯一值: ['true' 'false']
non_34xx_mask为True的数量: 8496
is_valid_city为true的数量: 27749
组合条件为True的数量: 5080
分析完成！结果已保存到 result_analyze.xlsx

当前统计结果：
time: 03-04-21
total_count: 36730
status_200_count: 6772
status_45xx_count: 17501
剔除34xx预期和不重要的接口: 5080
valid_city_23xx_count: 4731
valid_city_2xx_count: 4604
valid_city_45xx_count: 349
abnormal_count: 189

2025-03-04 22:29:05,476 - INFO - 所有任务执行完成，总耗时: 1478.22 秒
